# Extracted surface points
# Object: trace_plane_Stand
# CoordinateSpace: World
# Units: meters
# Count: 3377
# Color 0: Name=Green, RGB=0,255,0, Tolerance=0
# Color 1: Name=SecondColor, RGB=255,0,0, Tolerance=0
index,x,y,z,colorIndex,colorName
0,-0.03494801,0.05933897,0.05552296,0,Green
1,-0.03461505,0.05916849,0.05585593,0,Green
2,-0.03483997,0.05933617,0.05627048,0,Green
3,-0.03453346,0.05917449,0.05663211,0,Green
4,-0.03537912,0.05937339,0.05336528,0,Green
5,-0.03504438,0.05921124,0.05370003,0,Green
6,-0.03470964,0.05904908,0.05403477,0,Green
7,-0.03511044,0.05931067,0.05418672,0,Green
8,-0.03453346,0.05899101,0.05449981,0,Green
9,-0.03493699,0.05925007,0.05465196,0,Green
10,-0.03460623,0.05908113,0.05498713,0,Green
11,-0.03516190,0.05942538,0.05506431,0,Green
12,-0.03581076,0.05934216,0.05120708,0,Green
13,-0.03547382,0.05918816,0.05154403,0,Green
14,-0.03513687,0.05903418,0.05188097,0,Green
15,-0.03494968,0.05898891,0.05234344,0,Green
16,-0.03553768,0.05929759,0.05202852,0,Green
17,-0.03568303,0.05945166,0.05248218,0,Green
18,-0.03526995,0.05922243,0.05264976,0,Green
19,-0.03484658,0.05898876,0.05283279,0,Green
20,-0.03565143,0.05918299,0.05076003,0,Green
21,-0.03516852,0.05895915,0.05122089,0,Green
22,-0.03624240,0.05924729,0.04904887,0,Green
23,-0.03590325,0.05910147,0.04938802,0,Green
24,-0.03556411,0.05895567,0.04972717,0,Green
25,-0.03538132,0.05892485,0.05019184,0,Green
26,-0.03596492,0.05922017,0.04987032,0,Green
27,-0.03600676,0.05932773,0.05035701,0,Green
28,-0.03430310,0.05892630,0.05535395,0,Green
29,-0.03428554,0.05898695,0.05618541,0,Green
30,-0.03408590,0.05889155,0.05663515,0,Green
31,-0.03408590,0.05892596,0.05713535,0,Green
32,-0.03450932,0.05919374,0.05713316,0,Green
33,-0.03408590,0.05896037,0.05763555,0,Green
34,-0.03450932,0.05922815,0.05763336,0,Green
35,-0.03406177,0.05896663,0.05813575,0,Green
36,-0.03376340,0.05879288,0.05849774,0,Green
37,-0.03448518,0.05923475,0.05813356,0,Green
38,-0.03365591,0.05874531,0.05898478,0,Green
39,-0.03417585,0.05905904,0.05861401,0,Green
40,-0.03406616,0.05901008,0.05910105,0,Green
41,-0.03560071,0.05886818,0.04906433,0,Green
42,-0.03667396,0.05915947,0.04730691,0,Green
43,-0.03626003,0.05896306,0.04750834,0,Green
44,-0.03656550,0.05919796,0.04782931,0,Green
45,-0.03626003,0.05909833,0.04821447,0,Green
46,-0.03585092,0.05875916,0.04771380,0,Green
47,-0.03570356,0.05876506,0.04820207,0,Green
48,-0.03586192,0.05894351,0.04864196,0,Green
49,-0.03344172,0.05862718,0.05942139,0,Green
50,-0.03385250,0.05888910,0.05953781,0,Green
51,-0.03356034,0.05870940,0.05990245,0,Green
52,-0.03333189,0.05857092,0.06032641,0,Green
53,-0.03397111,0.05897126,0.06001668,0,Green
54,-0.03322425,0.05850984,0.06081186,0,Green
55,-0.03374266,0.05883272,0.06044063,0,Green
56,-0.03363502,0.05877155,0.06092609,0,Green
57,-0.03322425,0.05850821,0.06153456,0,Green
58,-0.03354936,0.05870936,0.06185967,0,Green
59,-0.03280689,0.05822998,0.06265485,0,Green
60,-0.03289915,0.05829670,0.06200684,0,Green
61,-0.03316934,0.05846232,0.06239564,0,Green
62,-0.03336484,0.05858002,0.06284156,0,Green
63,-0.03359109,0.05872924,0.06235830,0,Green
64,-0.03329674,0.05851529,0.06333361,0,Green
65,-0.03280689,0.05821449,0.06315568,0,Green
66,-0.03280688,0.05819356,0.06365652,0,Green
67,-0.03280689,0.05817263,0.06415735,0,Green
68,-0.03305731,0.05831304,0.06456812,0,Green
69,-0.03317373,0.05841356,0.06391572,0,Green
70,-0.03246812,0.05793979,0.06444357,0,Green
71,-0.03280688,0.05812741,0.06496132,0,Green
72,-0.03286839,0.05813038,0.06545777,0,Green
73,-0.03236103,0.05777346,0.06585104,0,Green
74,-0.03268886,0.05796352,0.06617887,0,Green
75,-0.03236103,0.05780926,0.06535055,0,Green
76,-0.03203757,0.05753923,0.06621383,0,Green
77,-0.03192830,0.05737595,0.06714487,0,Green
78,-0.03225831,0.05755593,0.06747488,0,Green
79,-0.03268012,0.05782582,0.06750766,0,Green
80,-0.03231951,0.05764571,0.06698532,0,Green
81,-0.03268231,0.05790401,0.06675803,0,Green
82,-0.03192938,0.05731606,0.06776523,0,Green
83,-0.03230358,0.05753211,0.06801688,0,Green
84,-0.03160636,0.05701255,0.06854948,0,Green
85,-0.03194032,0.05718248,0.06888346,0,Green
86,-0.03235068,0.05745748,0.06880051,0,Green
87,-0.03199707,0.05728459,0.06839451,0,Green
88,-0.03149828,0.05684204,0.06934299,0,Green
89,-0.03176744,0.05696162,0.06974782,0,Green
90,-0.03202785,0.05717514,0.06937581,0,Green
91,-0.03106507,0.05623963,0.07146569,0,Green
92,-0.03117442,0.05645845,0.07052904,0,Green
93,-0.03122912,0.05641354,0.07102578,0,Green
94,-0.03147202,0.05669756,0.07020517,0,Green
95,-0.03148734,0.05650935,0.07144374,0,Green
96,-0.03156831,0.05667078,0.07075225,0,Green
97,-0.03192722,0.05693399,0.07052271,0,Green
98,-0.03074326,0.05576425,0.07286608,0,Green
99,-0.03084981,0.05592169,0.07240291,0,Green
100,-0.03106508,0.05613741,0.07200498,0,Green
101,-0.03161072,0.05649189,0.07192840,0,Green
102,-0.03108251,0.05592140,0.07319877,0,Green
103,-0.03119192,0.05607805,0.07273266,0,Green
104,-0.03143482,0.05630053,0.07235627,0,Green
105,-0.03108032,0.05581237,0.07368894,0,Green
106,-0.03063453,0.05535167,0.07448392,0,Green
107,-0.03097375,0.05549468,0.07482316,0,Green
108,-0.03063453,0.05545925,0.07399466,0,Green
109,-0.03102377,0.05563243,0.07434258,0,Green
110,-0.03031077,0.05508886,0.07476184,0,Green
111,-0.03020290,0.05477447,0.07577886,0,Green
112,-0.03054605,0.05490589,0.07612201,0,Green
113,-0.03059600,0.05505563,0.07564639,0,Green
114,-0.03060034,0.05517928,0.07515991,0,Green
115,-0.03020395,0.05463519,0.07636850,0,Green
116,-0.03058109,0.05480187,0.07665191,0,Green
117,-0.02987931,0.05422043,0.07718184,0,Green
118,-0.03022462,0.05433926,0.07752715,0,Green
119,-0.03027458,0.05450037,0.07705587,0,Green
120,-0.02977231,0.05403242,0.07764816,0,Green
121,-0.02977231,0.05390483,0.07813212,0,Green
122,-0.03016907,0.05418103,0.07799915,0,Green
123,-0.02977072,0.05371151,0.07879981,0,Green
124,-0.03011820,0.05381750,0.07914729,0,Green
125,-0.03016816,0.05398989,0.07867819,0,Green
126,-0.02934074,0.05308066,0.08009639,0,Green
127,-0.02944761,0.05344123,0.07907039,0,Green
128,-0.02944761,0.05330172,0.07955278,0,Green
129,-0.02973573,0.05335552,0.07995877,0,Green
130,-0.02986888,0.05356657,0.07950258,0,Green
131,-0.02968820,0.05317386,0.08044385,0,Green
132,-0.02935375,0.05290073,0.08069655,0,Green
133,-0.02935375,0.05275076,0.08117457,0,Green
134,-0.02935375,0.05260079,0.08165260,0,Green
135,-0.02973355,0.05302632,0.08099777,0,Green
136,-0.02960566,0.05260028,0.08208787,0,Green
137,-0.02935375,0.05234146,0.08243403,0,Green
138,-0.02869218,0.05178877,0.08290095,0,Green
139,-0.02904139,0.05187960,0.08325016,0,Green
140,-0.02909345,0.05206656,0.08278817,0,Green
141,-0.02890908,0.05211300,0.08232398,0,Green
142,-0.02847852,0.05114547,0.08441386,0,Green
143,-0.02882817,0.05122285,0.08476350,0,Green
144,-0.02847851,0.05131515,0.08394257,0,Green
145,-0.02888247,0.05141940,0.08430526,0,Green
146,-0.02888246,0.05158908,0.08383399,0,Green
147,-0.02930813,0.05185062,0.08379489,0,Green
148,-0.02847847,0.05094708,0.08499222,0,Green
149,-0.02886700,0.05106600,0.08528471,0,Green
150,-0.02815492,0.05046126,0.08581682,0,Green
151,-0.02850675,0.05052544,0.08616865,0,Green
152,-0.02856321,0.05073142,0.08571257,0,Green
153,-0.02804681,0.05023490,0.08627693,0,Green
154,-0.02804681,0.05006327,0.08674899,0,Green
155,-0.02845332,0.05032972,0.08662661,0,Green
156,-0.02761408,0.04907130,0.08873346,0,Green
157,-0.02761415,0.04925030,0.08826658,0,Green
158,-0.02772336,0.04961606,0.08746367,0,Green
159,-0.02787416,0.04951619,0.08793137,0,Green
160,-0.02800310,0.04933944,0.08856954,0,Green
161,-0.02816483,0.04978665,0.08762539,0,Green
162,-0.02826318,0.04960551,0.08823297,0,Green
163,-0.02827084,0.05001687,0.08719394,0,Green
164,-0.02869052,0.05027752,0.08711567,0,Green
165,-0.02729013,0.04833346,0.09013171,0,Green
166,-0.02729013,0.04852070,0.08966637,0,Green
167,-0.02739886,0.04875286,0.08923581,0,Green
168,-0.02797075,0.04911107,0.08908577,0,Green
169,-0.02765783,0.04839773,0.09046438,0,Green
170,-0.02767971,0.04860869,0.08996764,0,Green
171,-0.02779132,0.04883960,0.08953436,0,Green
172,-0.02685935,0.04747988,0.09167100,0,Green
173,-0.02685935,0.04729432,0.09213610,0,Green
174,-0.02725424,0.04755832,0.09196936,0,Green
175,-0.02724834,0.04774727,0.09150513,0,Green
176,-0.02718302,0.04791090,0.09103484,0,Green
177,-0.02762283,0.04802126,0.09131789,0,Green
178,-0.02718302,0.04810493,0.09057327,0,Green
179,-0.02780467,0.04827413,0.09092668,0,Green
180,-0.02675083,0.04684442,0.09304553,0,Green
181,-0.02710617,0.04686664,0.09340087,0,Green
182,-0.02675083,0.04704568,0.09258555,0,Green
183,-0.02717593,0.04709420,0.09296050,0,Green
184,-0.02719773,0.04730445,0.09250489,0,Green
185,-0.02675074,0.04660084,0.09363193,0,Green
186,-0.02715493,0.04667537,0.09391749,0,Green
187,-0.02632074,0.04588730,0.09479947,0,Green
188,-0.02632074,0.04568933,0.09525914,0,Green
189,-0.02663746,0.04566661,0.09564625,0,Green
190,-0.02672104,0.04594238,0.09509420,0,Green
191,-0.02642886,0.04612263,0.09437153,0,Green
192,-0.02683048,0.04618080,0.09466621,0,Green
193,-0.02681957,0.04638555,0.09420346,0,Green
194,-0.02610388,0.04532771,0.09585170,0,Green
195,-0.02645794,0.04532259,0.09620576,0,Green
196,-0.02590065,0.04474812,0.09695659,0,Green
197,-0.02599755,0.04509091,0.09628050,0,Green
198,-0.02616932,0.04467854,0.09737281,0,Green
199,-0.02624860,0.04500981,0.09670553,0,Green
200,-0.02651728,0.04494023,0.09712175,0,Green
201,-0.02556498,0.04377497,0.09876592,0,Green
202,-0.02556498,0.04398440,0.09830959,0,Green
203,-0.02567248,0.04422729,0.09788398,0,Green
204,-0.02593813,0.04378557,0.09909937,0,Green
205,-0.02596901,0.04402582,0.09860323,0,Green
206,-0.02607705,0.04426605,0.09817545,0,Green
207,-0.02545692,0.04297895,0.10038440,0,Green
208,-0.02545692,0.04319244,0.09993190,0,Green
209,-0.02588746,0.04320940,0.10027680,0,Green
210,-0.02545692,0.04340593,0.09947940,0,Green
211,-0.02588746,0.04342289,0.09982427,0,Green
212,-0.02513379,0.04272467,0.10067080,0,Green
213,-0.02566129,0.04286200,0.10082590,0,Green
214,-0.02502635,0.04220003,0.10168040,0,Green
215,-0.02538092,0.04216728,0.10203500,0,Green
216,-0.02547341,0.04241129,0.10160550,0,Green
217,-0.02513426,0.04245540,0.10124000,0,Green
218,-0.02574869,0.04267571,0.10128180,0,Green
219,-0.02470228,0.04177516,0.10235050,0,Green
220,-0.02515500,0.04184906,0.10255030,0,Green
221,-0.02470330,0.04142016,0.10308390,0,Green
222,-0.02505611,0.04137428,0.10343670,0,Green
223,-0.02515534,0.04162119,0.10301120,0,Green
224,-0.02459408,0.04118267,0.10351240,0,Green
225,-0.02459408,0.04097056,0.10396570,0,Green
226,-0.02498517,0.04095610,0.10427900,0,Green
227,-0.02429111,0.04066140,0.10439830,0,Green
228,-0.02464437,0.04060225,0.10475150,0,Green
229,-0.02416302,0.03985757,0.10599680,0,Green
230,-0.02416302,0.04007359,0.10554460,0,Green
231,-0.02416302,0.04028961,0.10509250,0,Green
232,-0.02458180,0.04028910,0.10536620,0,Green
233,-0.02458180,0.04007304,0.10581850,0,Green
234,-0.02451454,0.03978642,0.10634830,0,Green
235,-0.02417411,0.03955205,0.10663240,0,Green
236,-0.02417411,0.03933278,0.10708300,0,Green
237,-0.02417411,0.03911352,0.10753360,0,Green
238,-0.06213099,0.05076683,0.10029960,0,Green
239,-0.06213099,0.05045163,0.10068920,0,Green
240,-0.06180800,0.05021474,0.10098970,0,Green
241,-0.06180843,0.04989473,0.10137710,0,Green
242,-0.06148365,0.04963583,0.10170190,0,Green
243,-0.06137679,0.04932517,0.10208110,0,Green
244,-0.06198444,0.04959276,0.10173540,0,Green
245,-0.06187548,0.04928217,0.10211470,0,Green
246,-0.06169947,0.04898577,0.10247930,0,Green
247,-0.06169849,0.04855237,0.10299570,1,SecondColor
248,-0.06119682,0.04856770,0.10299570,1,SecondColor
249,-0.06135150,0.04825880,0.10335740,1,SecondColor
250,-0.06126897,0.04783739,0.10385950,0,Green
251,-0.06177002,0.04782024,0.10385950,0,Green
252,-0.06148400,0.04754077,0.10420190,0,Green
253,-0.06198506,0.04752363,0.10420190,0,Green
254,-0.06172773,0.04724969,0.10453300,0,Green
255,-0.06180678,0.04692513,0.10490740,0,Green
256,-0.06213338,0.04667119,0.10518820,0,Green
257,-0.06213130,0.04634371,0.10556890,0,Green
258,-0.06387859,0.05301830,0.09737713,0,Green
259,-0.06342579,0.05289861,0.09755486,0,Green
260,-0.06321208,0.05262443,0.09791455,0,Green
261,-0.06385730,0.05384200,0.09630974,0,Green
262,-0.06385730,0.05353554,0.09670736,0,Green
263,-0.06353410,0.05327490,0.09706456,0,Green
264,-0.06342380,0.05167278,0.09910369,0,Green
265,-0.06292269,0.05168842,0.09911421,0,Green
266,-0.06263001,0.05144185,0.09943636,0,Green
267,-0.06317535,0.05140704,0.09944689,0,Green
268,-0.06288268,0.05116048,0.09976905,0,Green
269,-0.06245104,0.05101432,0.09997538,0,Green
270,-0.06265738,0.05072154,0.10032490,0,Green
271,-0.06299523,0.05228430,0.09835770,0,Green
272,-0.06371375,0.05263628,0.09786952,0,Green
273,-0.06347707,0.05235311,0.09824146,0,Green
274,-0.06309245,0.05197667,0.09874020,0,Green
275,-0.06357428,0.05204548,0.09862397,0,Green
276,-0.06277648,0.05030527,0.10083020,0,Green
277,-0.06234484,0.05015722,0.10103560,0,Green
278,-0.06245380,0.04984123,0.10141060,0,Green
279,-0.06245372,0.04733223,0.10439980,0,Green
280,-0.06227899,0.04703226,0.10475970,0,Green
281,-0.06277616,0.04666640,0.10515290,0,Green
282,-0.06263886,0.04635718,0.10552110,0,Green
283,-0.06558362,0.05661505,0.09242510,0,Green
284,-0.06536672,0.05635979,0.09279661,0,Green
285,-0.06515197,0.05601704,0.09328838,0,Green
286,-0.06515197,0.05572224,0.09369425,0,Green
287,-0.06560723,0.05587567,0.09344086,0,Green
288,-0.06558147,0.05555296,0.09388753,0,Green
289,-0.06488500,0.05548373,0.09404369,0,Green
290,-0.06515851,0.05522073,0.09437062,0,Green
291,-0.06472046,0.05509512,0.09457790,0,Green
292,-0.06441917,0.05486920,0.09490696,0,Green
293,-0.06439716,0.05456946,0.09530911,0,Green
294,-0.06491578,0.05481052,0.09493990,0,Green
295,-0.06535541,0.05493537,0.09473288,0,Green
296,-0.06489443,0.05451103,0.09534113,0,Green
297,-0.06459638,0.05428313,0.09567181,0,Green
298,-0.06428844,0.05405564,0.09599461,0,Green
299,-0.06471743,0.05388028,0.09618362,0,Green
300,-0.06432242,0.05370956,0.09644058,0,Green
301,-0.06428632,0.05336014,0.09689718,0,Green
302,-0.06417868,0.05275607,0.09768144,0,Green
303,-0.06719783,0.05784399,0.09047092,0,Green
304,-0.06669927,0.05788951,0.09047092,0,Green
305,-0.06692805,0.05761899,0.09082703,0,Green
306,-0.06643598,0.05760189,0.09091551,0,Green
307,-0.06610793,0.05740491,0.09123924,0,Green
308,-0.06615756,0.05711595,0.09164498,0,Green
309,-0.06580146,0.05693666,0.09194713,0,Green
310,-0.06644371,0.05670124,0.09219747,0,Green
311,-0.06607267,0.05652691,0.09248487,0,Green
312,-0.06585818,0.05627419,0.09286022,0,Green
313,-0.06660000,0.05732051,0.09129535,0,Green
314,-0.06664748,0.05703107,0.09170110,0,Green
315,-0.06733377,0.05899745,0.08874655,0,Green
316,-0.06698629,0.05872964,0.08918958,0,Green
317,-0.06687770,0.05846205,0.08960005,0,Green
318,-0.06655411,0.05818619,0.09005178,0,Green
319,-0.06704927,0.05818796,0.08998228,0,Green
320,-0.06730971,0.05934113,0.08821986,0,Green
321,-0.06795413,0.05892576,0.08874436,0,Green
322,-0.06762009,0.05874521,0.08906973,0,Green
323,-0.06737282,0.05852217,0.08944280,0,Green
324,-0.06860194,0.05997006,0.08701782,0,Green
325,-0.06810428,0.06002821,0.08701783,0,Green
326,-0.06778342,0.05984638,0.08735614,0,Green
327,-0.06832692,0.05976590,0.08738235,0,Green
328,-0.06800605,0.05958408,0.08772067,0,Green
329,-0.06779870,0.05935362,0.08811357,0,Green
330,-0.06905813,0.06098816,0.08529128,0,Green
331,-0.06860341,0.06091823,0.08548898,0,Green
332,-0.06839034,0.06069805,0.08588436,0,Green
333,-0.06817287,0.06041280,0.08638520,0,Green
334,-0.06888898,0.06067807,0.08582287,0,Green
335,-0.06864954,0.06045116,0.08623363,0,Green
336,-0.06888019,0.06019794,0.08659827,0,Green
337,-0.06903377,0.06161860,0.08422793,0,Green
338,-0.06903377,0.06136418,0.08465902,0,Green
339,-0.06935649,0.06074519,0.08561376,0,Green
340,-0.06978669,0.06131163,0.08456710,0,Green
341,-0.06944889,0.06116053,0.08490490,0,Green
342,-0.07021944,0.06184139,0.08356471,0,Green
343,-0.06972267,0.06191237,0.08356471,0,Green
344,-0.06946876,0.06172061,0.08395110,0,Green
345,-0.07078685,0.06272604,0.08184039,0,Green
346,-0.07044687,0.06258422,0.08218038,0,Green
347,-0.07010689,0.06244240,0.08252035,0,Green
348,-0.06957360,0.06216643,0.08314920,0,Green
349,-0.07003579,0.06220742,0.08295810,0,Green
350,-0.07059130,0.06233461,0.08258924,0,Green
351,-0.07013939,0.06280881,0.08185598,0,Green
352,-0.07075995,0.06351869,0.08034453,0,Green
353,-0.07043749,0.06322301,0.08099170,0,Green
354,-0.07032999,0.06300677,0.08143062,0,Green
355,-0.07172941,0.06347888,0.08011162,0,Green
356,-0.07123579,0.06356208,0.08011162,0,Green
357,-0.07145245,0.06332183,0.08049802,0,Green
358,-0.07100126,0.06328364,0.08071469,0,Green
359,-0.07129833,0.06305692,0.08104973,0,Green
360,-0.07083374,0.06303748,0.08123511,0,Green
361,-0.07205252,0.06404991,0.07884818,0,Green
362,-0.07170631,0.06393688,0.07919440,0,Green
363,-0.07136010,0.06382386,0.07954061,0,Green
364,-0.07183670,0.06370013,0.07962828,0,Green
365,-0.07237606,0.06422435,0.07838508,0,Green
366,-0.07188084,0.06430686,0.07838508,0,Green
367,-0.07143738,0.06415876,0.07883529,0,Green
368,-0.07251338,0.06499463,0.07666078,0,Green
369,-0.07216263,0.06484699,0.07710884,0,Green
370,-0.07205401,0.06465798,0.07755914,0,Green
371,-0.07229387,0.06444211,0.07794156,0,Green
372,-0.07323880,0.06485572,0.07665852,0,Green
373,-0.07285010,0.06478834,0.07696813,0,Green
374,-0.07255857,0.06466583,0.07735683,0,Green
375,-0.07377814,0.06528962,0.07539603,0,Green
376,-0.07342783,0.06520797,0.07574636,0,Green
377,-0.07307750,0.06512632,0.07609667,0,Green
378,-0.07399425,0.06544498,0.07493198,0,Green
379,-0.07350290,0.06553852,0.07493197,0,Green
380,-0.07302519,0.06556781,0.07507756,0,Green
381,-0.07292055,0.06539413,0.07553479,0,Green
382,-0.07262027,0.06528754,0.07592151,0,Green
383,-0.07464186,0.06598303,0.07320542,0,Green
384,-0.07424448,0.06595049,0.07350916,0,Green
385,-0.07378193,0.06596439,0.07370004,0,Green
386,-0.07345677,0.06587496,0.07408931,0,Green
387,-0.07394452,0.06576609,0.07413054,0,Green
388,-0.07389185,0.06613465,0.07320543,0,Green
389,-0.07507334,0.06618411,0.07237428,0,Green
390,-0.07471976,0.06613520,0.07272788,0,Green
391,-0.07421228,0.06640749,0.07225467,0,Green
392,-0.07421457,0.06624188,0.07272661,0,Green
393,-0.07539631,0.06642913,0.07147887,0,Green
394,-0.07490661,0.06653277,0.07147887,0,Green
395,-0.07446521,0.06654333,0.07171567,0,Green
396,-0.07512502,0.06634253,0.07189040,0,Green
397,-0.07615086,0.06680772,0.06975231,0,Green
398,-0.07571683,0.06682459,0.07000426,0,Green
399,-0.07536320,0.06678835,0.07035789,0,Green
400,-0.07507428,0.06672245,0.07076238,0,Green
401,-0.07582777,0.06665082,0.07048271,0,Green
402,-0.07553885,0.06658491,0.07088718,0,Green
403,-0.07530078,0.06698253,0.06977312,0,Green
404,-0.07690737,0.06710686,0.06802577,0,Green
405,-0.07641836,0.06721914,0.06802577,0,Green
406,-0.07598035,0.06725448,0.06826447,0,Green
407,-0.07663853,0.06705395,0.06844524,0,Green
408,-0.07620052,0.06708928,0.06868394,0,Green
409,-0.07597340,0.06702109,0.06912427,0,Green
410,-0.07841628,0.06751125,0.06457265,0,Green
411,-0.07792864,0.06763002,0.06457265,0,Green
412,-0.07769766,0.06759699,0.06501596,0,Green
413,-0.07798464,0.06745002,0.06539861,0,Green
414,-0.07769765,0.06743720,0.06580924,0,Green
415,-0.07982014,0.06769828,0.06111954,0,Green
416,-0.07942423,0.06775749,0.06141940,0,Green
417,-0.08132908,0.06764437,0.05766642,0,Green
418,-0.08197644,0.06756813,0.05593986,0,Green
419,-0.08148953,0.06768816,0.05596809,0,Green
420,-0.08115080,0.06775511,0.05633034,0,Green
421,-0.08175298,0.06760226,0.05638679,0,Green
422,-0.08141425,0.06766921,0.05674904,0,Green
423,-0.08115080,0.06771445,0.05717245,0,Green
424,-0.08283973,0.06740069,0.05424858,0,Green
425,-0.08248923,0.06747817,0.05459907,0,Green
426,-0.08213875,0.06755566,0.05494956,0,Green
427,-0.08178826,0.06763314,0.05530005,0,Green
428,-0.08225637,0.06751267,0.05543412,0,Green
429,-0.08218015,0.06755930,0.05421330,0,Green
430,-0.08499676,0.06676811,0.04927825,0,Green
431,-0.08478010,0.06684158,0.04972423,0,Green
432,-0.08585940,0.06645161,0.04744367,0,Green
433,-0.08564270,0.06653334,0.04798308,0,Green
434,-0.08538831,0.06655513,0.04731176,0,Green
435,-0.08519751,0.06662633,0.04777344,0,Green
436,-0.08540370,0.06661771,0.04841496,0,Green
437,-0.08476152,0.06674712,0.04798685,0,Green
438,-0.08491913,0.06674060,0.04846201,0,Green
439,-0.08468155,0.06682879,0.04889483,0,Green
440,-0.08629045,0.06625689,0.04625651,1,SecondColor
441,-0.08629045,0.06621648,0.04575715,1,SecondColor
442,-0.08586646,0.06633132,0.04600212,1,SecondColor
443,-0.08585940,0.06640019,0.04683360,0,Green
444,-0.08551314,0.06644882,0.04647557,0,Green
445,-0.08532000,0.06645475,0.04601390,0,Green
446,-0.08502085,0.06648940,0.04561347,0,Green
447,-0.08460628,0.06660614,0.04586747,0,Green
448,-0.08420060,0.06666309,0.04558050,0,Green
449,-0.08386094,0.06676558,0.04593430,0,Green
450,-0.08350950,0.06680506,0.04558049,0,Green
451,-0.08305191,0.06691498,0.04575268,0,Green
452,-0.08320948,0.06681584,0.04518006,0,Green
453,-0.08456619,0.06692751,0.05046298,0,Green
454,-0.08446477,0.06690234,0.04934025,0,Green
455,-0.08437514,0.06695119,0.05000068,0,Green
456,-0.08388925,0.06706381,0.05004314,0,Green
457,-0.08408102,0.06704295,0.05050579,0,Green
458,-0.08413284,0.06705560,0.05143384,0,Green
459,-0.08392791,0.06709691,0.05097923,0,Green
460,-0.08365703,0.06717109,0.05153748,0,Green
461,-0.08345211,0.06721239,0.05108287,0,Green
462,-0.08370301,0.06717341,0.05203746,0,Green
463,-0.08321845,0.06729575,0.05208450,0,Green
464,-0.08292677,0.06737959,0.05248203,0,Green
465,-0.08350777,0.06723453,0.05249380,0,Green
466,-0.08320904,0.06730924,0.05288897,0,Green
467,-0.08287736,0.06739216,0.05325593,0,Green
468,-0.08316199,0.06732114,0.05366287,0,Green
469,-0.08268631,0.06743611,0.05377223,0,Green
470,-0.08068442,0.06780993,0.05747799,0,Green
471,-0.08087559,0.06773670,0.05793459,0,Green
472,-0.08042160,0.06783055,0.05812511,0,Green
473,-0.08025224,0.06783707,0.05859557,0,Green
474,-0.07992998,0.06787634,0.05909660,0,Green
475,-0.08080031,0.06771582,0.05843091,0,Green
476,-0.08041690,0.06775981,0.05906131,0,Green
477,-0.08024998,0.06768168,0.06029145,0,Green
478,-0.08019707,0.06777523,0.05951044,0,Green
479,-0.07982123,0.06783365,0.05983695,0,Green
480,-0.07949706,0.06787383,0.06021751,0,Green
481,-0.07983766,0.06775450,0.06056517,0,Green
482,-0.07942424,0.06782770,0.06083766,0,Green
483,-0.07895740,0.06784549,0.06158403,0,Green
484,-0.07863367,0.06784923,0.06211654,0,Green
485,-0.07852811,0.06780745,0.06260448,0,Green
486,-0.07911926,0.06774393,0.06204616,0,Green
487,-0.07901371,0.06770215,0.06253411,0,Green
488,-0.07895632,0.06759625,0.06331167,0,Green
489,-0.07860305,0.06762165,0.06366493,0,Green
490,-0.07824979,0.06764705,0.06401820,0,Green
491,-0.07820603,0.06782740,0.06298666,0,Green
492,-0.07814277,0.06775473,0.06351846,0,Green
493,-0.07723273,0.06763380,0.06535067,0,Green
494,-0.07690798,0.06757621,0.06599783,0,Green
495,-0.07735655,0.06743993,0.06617539,0,Green
496,-0.07733000,0.06733549,0.06666454,0,Green
497,-0.07697631,0.06733210,0.06701823,0,Green
498,-0.07662262,0.06732871,0.06737191,0,Green
499,-0.07709266,0.06719352,0.06748594,0,Green
500,-0.07680757,0.06749547,0.06648096,0,Green
501,-0.07550634,0.06707091,0.06929688,0,Green
502,-0.07686156,0.06774224,0.04474674,0,Green
503,-0.07650729,0.06772380,0.04439245,0,Green
504,-0.07615300,0.06770536,0.04403817,0,Green
505,-0.07602780,0.06780167,0.04451291,0,Green
506,-0.07567271,0.06777367,0.04416183,0,Green
507,-0.07554718,0.06786632,0.04464025,0,Green
508,-0.07520141,0.06778486,0.04399368,0,Green
509,-0.07507588,0.06787751,0.04447209,0,Green
510,-0.07472061,0.06784718,0.04411921,0,Green
511,-0.07427531,0.06784522,0.04388705,0,Green
512,-0.07403378,0.06793883,0.04431578,0,Green
513,-0.07377563,0.06787729,0.04389184,0,Green
514,-0.07352694,0.06796931,0.04431578,0,Green
515,-0.07327589,0.06790649,0.04388710,0,Green
516,-0.07289931,0.06798725,0.04420683,0,Green
517,-0.07254642,0.06794432,0.04385394,0,Green
518,-0.07220344,0.06802496,0.04420871,0,Green
519,-0.07185340,0.06796897,0.04385394,0,Green
520,-0.07135434,0.06799204,0.04388468,0,Green
521,-0.07085529,0.06800330,0.04385393,0,Green
522,-0.07225347,0.06786706,0.04345477,0,Green
523,-0.07075841,0.06789768,0.04337275,0,Green
524,-0.07032205,0.06784360,0.04313453,0,Green
525,-0.06983381,0.06781919,0.04302367,0,Green
526,-0.07032914,0.06795526,0.04362278,0,Green
527,-0.06934556,0.06779761,0.04291517,0,Green
528,-0.06984088,0.06793313,0.04351192,0,Green
529,-0.06935263,0.06791157,0.04340342,0,Green
530,-0.06838085,0.06776137,0.04280903,0,Green
531,-0.06802940,0.06783640,0.04316048,0,Green
532,-0.06851529,0.06787366,0.04327841,0,Green
533,-0.06881721,0.06797002,0.04366524,0,Green
534,-0.07769296,0.06770403,0.04507130,0,Green
535,-0.07769295,0.06762449,0.04457630,0,Green
536,-0.07735191,0.06760255,0.04420920,0,Green
537,-0.07902036,0.06753235,0.04517897,0,Green
538,-0.07866607,0.06752587,0.04482468,0,Green
539,-0.07831179,0.06751940,0.04447040,0,Green
540,-0.07818897,0.06761356,0.04494750,0,Green
541,-0.06787299,0.06772041,0.04269975,0,Green
542,-0.06737128,0.06770606,0.04269975,0,Green
543,-0.06752910,0.06782234,0.04316142,0,Green
544,-0.06687021,0.06765655,0.04259311,0,Green
545,-0.06651971,0.06772432,0.04294360,0,Green
546,-0.06700428,0.06777640,0.04306121,0,Green
547,-0.06568936,0.06750854,0.04226850,0,Green
548,-0.06617863,0.06761740,0.04259311,0,Green
549,-0.06562586,0.06762550,0.04275071,0,Green
550,-0.06601162,0.06772321,0.04305416,0,Green
551,-0.06516541,0.06754494,0.04257133,0,Green
552,-0.07941952,0.06743694,0.04489224,0,Green
553,-0.07917117,0.06740478,0.04445942,0,Green
554,-0.08107061,0.06725688,0.04550266,0,Green
555,-0.08071682,0.06726209,0.04514885,0,Green
556,-0.08036301,0.06726731,0.04479505,0,Green
557,-0.08024035,0.06735881,0.04527150,0,Green
558,-0.08114609,0.06716334,0.04491116,0,Green
559,-0.08269575,0.06694392,0.04540123,0,Green
560,-0.08234195,0.06696052,0.04504742,0,Green
561,-0.08176171,0.06704165,0.04485637,0,Green
562,-0.08222166,0.06704916,0.04552624,0,Green
563,-0.08175699,0.06711116,0.04535170,0,Green
564,-0.06471795,0.06740087,0.04216020,0,Green
565,-0.06421828,0.06735809,0.04216020,0,Green
566,-0.06388517,0.06742433,0.04252850,0,Green
567,-0.06445991,0.06748682,0.04258011,0,Green
568,-0.06244091,0.06707361,0.04183803,0,Green
569,-0.06299501,0.06716753,0.04194511,0,Green
570,-0.06357124,0.06729360,0.04216015,0,Green
571,-0.06215860,0.06715270,0.04224449,0,Green
572,-0.06265057,0.06722496,0.04230306,0,Green
573,-0.06313550,0.06730817,0.04240613,0,Green
574,-0.06094230,0.06679740,0.04161473,0,Green
575,-0.06058814,0.06684683,0.04196890,0,Green
576,-0.06106813,0.06694771,0.04207608,0,Green
577,-0.06142695,0.06690095,0.04172890,0,Green
578,-0.06190694,0.06700183,0.04183608,0,Green
579,-0.06155581,0.06705070,0.04219043,0,Green
580,-0.06011281,0.06681250,0.04212734,0,Green
581,-0.05942582,0.06647945,0.04140464,0,Green
582,-0.05907261,0.06651957,0.04175786,0,Green
583,-0.05991846,0.06656718,0.04140464,0,Green
584,-0.05954899,0.06663556,0.04186475,0,Green
585,-0.06039252,0.06668343,0.04151386,0,Green
586,-0.05895144,0.06636139,0.04129886,0,Green
587,-0.05781439,0.06612601,0.04128950,0,Green
588,-0.05746029,0.06615636,0.04164361,0,Green
589,-0.05830505,0.06623212,0.04129876,0,Green
590,-0.05799029,0.06629271,0.04172693,0,Green
591,-0.05848095,0.06639881,0.04173619,0,Green
592,-0.05746260,0.06595603,0.04097474,0,Green
593,-0.05697889,0.06588352,0.04107889,0,Green
594,-0.05698352,0.06602838,0.04155798,0,Green
595,-0.05640413,0.06571146,0.04097320,0,Green
596,-0.05604865,0.06573136,0.04132867,0,Green
597,-0.05651723,0.06587702,0.04143254,0,Green
598,-0.05593694,0.06556369,0.04086639,0,Green
599,-0.05545055,0.06544355,0.04086640,0,Green
600,-0.05499975,0.06525897,0.04065100,0,Green
601,-0.05464617,0.06526756,0.04100458,0,Green
602,-0.05507322,0.06544504,0.04119744,0,Green
603,-0.05360840,0.06480297,0.04043518,0,Green
604,-0.05453826,0.06509665,0.04054309,0,Green
605,-0.05405381,0.06497408,0.04058672,0,Green
606,-0.05366809,0.06496315,0.04090586,0,Green
607,-0.05416172,0.06514429,0.04104591,0,Green
608,-0.05320100,0.06476635,0.04072318,0,Green
609,-0.05284654,0.06476384,0.04107764,0,Green
610,-0.05287398,0.06456570,0.04040073,0,Green
611,-0.05220623,0.06435701,0.04040074,0,Green
612,-0.05179917,0.06431781,0.04068888,0,Green
613,-0.05251037,0.06455752,0.04074604,0,Green
614,-0.05133905,0.06421157,0.04085856,0,Green
615,-0.05123654,0.06403677,0.04040072,0,Green
616,-0.05076277,0.06387416,0.04040072,0,Green
617,-0.05028899,0.06371155,0.04040072,0,Green
618,-0.05185162,0.06415198,0.04011107,0,Green
619,-0.04981621,0.06354179,0.04040072,0,Green
620,-0.04934657,0.06336675,0.04040072,0,Green
621,-0.04887693,0.06319171,0.04040072,0,Green
622,-0.05047924,0.06361278,0.03989638,0,Green
623,-0.04906561,0.06302755,0.03967886,0,Green
624,-0.04842296,0.06299683,0.04032151,0,Green
625,-0.04951139,0.06322899,0.03978748,0,Green
626,-0.03699619,0.05897134,0.04558035,0,Green
627,-0.03655847,0.05872527,0.04558034,0,Green
628,-0.03626003,0.05864115,0.04597385,0,Green
629,-0.03673976,0.05891787,0.04600701,0,Green
630,-0.03644131,0.05883374,0.04640052,0,Green
631,-0.03667343,0.05904694,0.04678960,0,Green
632,-0.03626003,0.05885919,0.04699962,0,Green
633,-0.04859493,0.06285294,0.03967886,0,Green
634,-0.04744558,0.06236533,0.03957231,0,Green
635,-0.04709217,0.06233789,0.03992572,0,Green
636,-0.04791155,0.06255209,0.03957231,0,Green
637,-0.04753562,0.06254910,0.04002928,0,Green
638,-0.04800160,0.06273586,0.04002928,0,Green
639,-0.03710343,0.05882987,0.04473473,0,Green
640,-0.03675680,0.05871773,0.04508136,0,Green
641,-0.04702742,0.06212987,0.03935710,0,Green
642,-0.04661945,0.06205775,0.03963885,0,Green
643,-0.04604317,0.06168618,0.03924816,0,Green
644,-0.04568888,0.06164824,0.03960243,0,Green
645,-0.04612613,0.06186898,0.03970782,0,Green
646,-0.03742728,0.05880513,0.04385379,0,Green
647,-0.03698957,0.05856179,0.04385379,0,Green
648,-0.03667564,0.05847566,0.04423403,0,Green
649,-0.03646784,0.05847985,0.04474912,0,Green
650,-0.04551705,0.06142923,0.03914113,0,Green
651,-0.04505453,0.06123317,0.03914113,0,Green
652,-0.04523415,0.06144161,0.03955874,0,Green
653,-0.04442381,0.06095212,0.03914094,0,Green
654,-0.04407090,0.06090404,0.03949384,0,Green
655,-0.04458240,0.06115913,0.03956756,0,Green
656,-0.03753675,0.05853609,0.04257485,0,Green
657,-0.03719056,0.05843295,0.04292104,0,Green
658,-0.03684437,0.05832981,0.04326723,0,Green
659,-0.03725451,0.05859024,0.04339292,0,Green
660,-0.04357558,0.06047061,0.03881726,0,Green
661,-0.04316631,0.06037156,0.03908787,0,Green
662,-0.04369635,0.06066445,0.03926455,0,Green
663,-0.04270959,0.06016640,0.03912859,0,Green
664,-0.03740738,0.05835260,0.04212722,0,Green
665,-0.03690113,0.05819121,0.04259147,0,Green
666,-0.04228294,0.05982567,0.03867412,0,Green
667,-0.04182565,0.05962089,0.03870981,0,Green
668,-0.04143974,0.05953260,0.03901541,0,Green
669,-0.04203533,0.05984232,0.03910910,0,Green
670,-0.04098922,0.05934019,0.03912239,0,Green
671,-0.03796674,0.05818775,0.04041829,0,Green
672,-0.03761834,0.05809268,0.04076669,0,Green
673,-0.03726994,0.05799759,0.04111509,0,Green
674,-0.03721482,0.05810193,0.04160241,0,Green
675,-0.03768449,0.05825813,0.04123416,0,Green
676,-0.03769331,0.05839575,0.04171487,0,Green
677,-0.04087532,0.05914925,0.03867411,0,Green
678,-0.04042646,0.05892762,0.03867410,0,Green
679,-0.03997760,0.05870600,0.03867410,0,Green
680,-0.03953851,0.05853621,0.03884653,0,Green
681,-0.03733443,0.05784934,0.04043382,0,Green
682,-0.03914355,0.05828242,0.03867410,0,Green
683,-0.03829024,0.05797998,0.03913954,0,Green
684,-0.03798660,0.05794016,0.03953627,0,Green
685,-0.03818386,0.05816063,0.03994187,0,Green
686,-0.03764701,0.05763979,0.03913936,0,Green
687,-0.03753896,0.05772293,0.03962226,0,Green
688,-0.03766685,0.05792160,0.04006328,0,Green
689,0.00863061,0.02806137,0.04129688,1,SecondColor
690,0.00840216,0.02817504,0.04172742,1,SecondColor
691,0.00981541,0.02723932,0.04266676,0,Green
692,0.00948508,0.02742093,0.04299710,0,Green
693,0.00941681,0.02749533,0.04250600,0,Green
694,0.00906665,0.02769117,0.04280550,0,Green
695,0.00970751,0.02734117,0.04212942,0,Green
696,0.00906445,0.02772982,0.04223953,0,Green
697,0.00905948,0.02777594,0.04169613,1,SecondColor
698,0.01035717,0.02700115,0.04140487,0,Green
699,0.01035717,0.02695973,0.04190479,0,Green
700,0.00998719,0.02720686,0.04167135,0,Green
701,0.00963703,0.02744452,0.04140487,0,Green
702,0.01035717,0.02683613,0.04345398,0,Green
703,0.01015728,0.02699601,0.04302344,0,Green
704,0.01008479,0.02697613,0.04384938,0,Green
705,0.00988490,0.02713601,0.04341883,0,Green
706,0.01035718,0.02677687,0.04421921,0,Green
707,0.01208375,0.02554891,0.04604424,0,Green
708,0.01208374,0.02550752,0.04654317,0,Green
709,0.01169423,0.02578093,0.04625650,0,Green
710,0.01174985,0.02578499,0.04575606,0,Green
711,0.01134786,0.02602527,0.04593399,0,Green
712,0.01164936,0.02591475,0.04496605,0,Green
713,0.01144972,0.02600068,0.04541798,0,Green
714,0.01127640,0.02616857,0.04474886,0,Green
715,0.01104385,0.02627714,0.04517885,0,Green
716,0.01085047,0.02643286,0.04474348,0,Green
717,0.01078441,0.02651071,0.04425238,0,Green
718,0.01208373,0.02589866,0.04212941,0,Green
719,0.01067829,0.02661418,0.04376799,0,Green
720,0.01166644,0.02613978,0.04226631,0,Green
721,0.01123811,0.02639838,0.04226631,0,Green
722,0.01082303,0.02665756,0.04215813,0,Green
723,0.01184307,0.02608262,0.04172980,0,Green
724,0.01146552,0.02633152,0.04151342,0,Green
725,0.01107472,0.02654544,0.04174084,0,Green
726,0.01380811,0.02420912,0.04903345,0,Green
727,0.01337317,0.02460065,0.04774183,0,Green
728,0.01299315,0.02482046,0.04798346,0,Green
729,0.01301951,0.02484289,0.04748263,0,Green
730,0.01259555,0.02510379,0.04755072,0,Green
731,0.01381030,0.02428115,0.04820085,0,Green
732,0.01357586,0.02439310,0.04862810,0,Green
733,0.01280607,0.02505889,0.04658236,0,Green
734,0.01247353,0.02523631,0.04691490,0,Green
735,0.01246472,0.02529272,0.04630047,0,Green
736,0.01315873,0.02480679,0.04690761,0,Green
737,0.01380807,0.02487906,0.04212722,0,Green
738,0.01337421,0.02510286,0.04248139,0,Green
739,0.01295807,0.02535900,0.04237293,0,Green
740,0.01252643,0.02561406,0.04237514,0,Green
741,0.01258748,0.02565677,0.04162125,0,Green
742,0.01348089,0.02511651,0.04172930,0,Green
743,0.01306306,0.02534698,0.04187962,0,Green
744,0.01553687,0.02297193,0.05076220,0,Green
745,0.01553687,0.02293028,0.05126113,0,Green
746,0.01515733,0.02319434,0.05100353,0,Green
747,0.01553249,0.02303116,0.05014214,0,Green
748,0.01520163,0.02321068,0.05047299,0,Green
749,0.01516000,0.02328679,0.04992741,0,Green
750,0.01482915,0.02346630,0.05025826,0,Green
751,0.01476584,0.02355084,0.04976714,0,Green
752,0.01435726,0.02379304,0.04992529,0,Green
753,0.01466919,0.02365060,0.04928607,0,Green
754,0.01426061,0.02389281,0.04944423,0,Green
755,0.01423645,0.02398326,0.04860950,0,Green
756,0.01553685,0.02387865,0.04212943,0,Green
757,0.01534673,0.02393668,0.04258926,0,Green
758,0.01493099,0.02419215,0.04248009,0,Green
759,0.01449602,0.02444354,0.04248231,0,Green
760,0.01520217,0.02410851,0.04183688,0,Green
761,0.01478771,0.02432626,0.04201419,0,Green
762,0.01439097,0.02457776,0.04183688,0,Green
763,0.01639464,0.02236863,0.05162660,0,Green
764,0.01606253,0.02254654,0.05195872,0,Green
765,0.01599654,0.02262834,0.05146824,0,Green
766,0.01596355,0.02269025,0.05097117,0,Green
767,0.01726118,0.02290441,0.04212723,0,Green
768,0.01692342,0.02305534,0.04246499,0,Green
769,0.01639456,0.02331401,0.04280497,0,Green
770,0.01651456,0.02330374,0.04231833,0,Green
771,0.01597459,0.02356395,0.04269831,0,Green
772,0.01609458,0.02355369,0.04221167,0,Green
773,0.01726340,0.02282205,0.04274781,0,Green
774,0.01686564,0.02315290,0.04194502,0,Green
775,0.01725683,0.02175627,0.05240750,0,Green
776,0.01693393,0.02198840,0.05208460,0,Green
777,0.01666154,0.02212285,0.05248219,0,Green
778,0.01624638,0.02239093,0.05239872,0,Green
779,0.01726343,0.02170688,0.05294729,0,Green
780,0.01726343,0.02166557,0.05344749,0,Green
781,0.01689705,0.02191721,0.05321494,0,Green
782,0.01798796,0.02121901,0.05348641,0,Green
783,0.01765542,0.02139501,0.05381895,0,Green
784,0.01764881,0.02145015,0.05320011,0,Green
785,0.01855229,0.02077293,0.05464863,0,Green
786,0.01822238,0.02095297,0.05497856,0,Green
787,0.01815419,0.02103101,0.05448808,0,Green
788,0.01772970,0.02129611,0.05445508,0,Green
789,0.01844452,0.02088816,0.05402619,0,Green
790,0.01898778,0.02039891,0.05593971,0,Green
791,0.01898999,0.02046345,0.05510498,0,Green
792,0.01875494,0.02057644,0.05553333,0,Green
793,0.01898996,0.02193118,0.04226945,0,Green
794,0.01898996,0.02186039,0.04276497,0,Green
795,0.01860998,0.02210587,0.04254499,0,Green
796,0.01829445,0.02223092,0.04291385,0,Green
797,0.01785599,0.02247371,0.04291366,0,Green
798,0.01818794,0.02235277,0.04243913,0,Green
799,0.01774906,0.02259466,0.04243913,0,Green
800,0.02046412,0.02112442,0.04237740,0,Green
801,0.02012238,0.02125904,0.04271914,0,Green
802,0.01975383,0.02141378,0.04302068,0,Green
803,0.01972703,0.02149869,0.04252705,0,Green
804,0.02071652,0.02092648,0.04276217,0,Green
805,0.02039794,0.02104440,0.04312975,0,Green
806,0.01941389,0.02017574,0.05551360,0,Green
807,0.02014763,0.01965477,0.05650642,0,Green
808,0.01981026,0.01983806,0.05682836,0,Green
809,0.01939571,0.02009756,0.05672031,0,Green
810,0.01975072,0.01990775,0.05633663,0,Green
811,0.01933617,0.02016726,0.05622858,0,Green
812,0.02070993,0.01926290,0.05715470,0,Green
813,0.02070993,0.01922645,0.05765525,0,Green
814,0.02033947,0.01947071,0.05741931,0,Green
815,0.01992713,0.01973182,0.05730464,0,Green
816,0.02244308,0.02004661,0.04259123,0,Green
817,0.02244308,0.01996435,0.04308644,0,Green
818,0.02205940,0.02020490,0.04287006,0,Green
819,0.02173818,0.02031505,0.04323813,0,Green
820,0.02163241,0.02044764,0.04276771,0,Green
821,0.02113975,0.02064896,0.04312825,0,Green
822,0.02121365,0.02068694,0.04263335,0,Green
823,0.02359485,0.01944522,0.04269978,0,Green
824,0.02324909,0.01956289,0.04304554,0,Green
825,0.02287190,0.01970431,0.04334415,0,Green
826,0.02285169,0.01979659,0.04285021,0,Green
827,0.02416963,0.01914782,0.04269978,0,Green
828,0.02416964,0.01906026,0.04319405,0,Green
829,0.02373352,0.01926097,0.04333495,0,Green
830,0.02521275,0.01861687,0.04280844,0,Green
831,0.02486654,0.01872535,0.04315465,0,Green
832,0.02472041,0.01887747,0.04270053,0,Green
833,0.02589619,0.01823389,0.04302417,0,Green
834,0.02564057,0.01828157,0.04345245,0,Green
835,0.02675044,0.01783391,0.04299730,0,Green
836,0.02640333,0.01793328,0.04334442,0,Green
837,0.02762275,0.01738491,0.04313217,0,Green
838,0.02762275,0.01728748,0.04362451,0,Green
839,0.02722933,0.01752022,0.04341094,0,Green
840,0.02682466,0.01766543,0.04366723,0,Green
841,0.02157096,0.01866008,0.05853621,0,Green
842,0.02123893,0.01883782,0.05886824,0,Green
843,0.02082057,0.01909305,0.05876863,0,Green
844,0.02116810,0.01890969,0.05837683,0,Green
845,0.02074974,0.01916492,0.05827722,0,Green
846,0.02039722,0.01939792,0.05800762,0,Green
847,0.02200317,0.01837224,0.05898828,0,Green
848,0.02173346,0.01850828,0.05938842,0,Green
849,0.02232814,0.01814637,0.05950560,0,Green
850,0.02199875,0.01832815,0.05983499,0,Green
851,0.02244310,0.01805332,0.05998532,0,Green
852,0.02244310,0.01802843,0.06048493,0,Green
853,0.02286696,0.01777173,0.06069332,0,Green
854,0.02286696,0.01779671,0.06019178,0,Green
855,0.02329749,0.01751908,0.06072217,0,Green
856,0.02383677,0.01717217,0.06145008,0,Green
857,0.02350610,0.01735342,0.06178075,0,Green
858,0.02343065,0.01741478,0.06128808,0,Green
859,0.02307113,0.01761443,0.06157436,0,Green
860,0.02266945,0.01786392,0.06114383,0,Green
861,0.02934930,0.01643561,0.04385608,0,Green
862,0.02889340,0.01664341,0.04388317,0,Green
863,0.02933803,0.01659107,0.04313255,0,Green
864,0.02893006,0.01672863,0.04338725,0,Green
865,0.02856266,0.01695305,0.04313255,0,Green
866,0.02851983,0.01686818,0.04363745,0,Green
867,0.02815243,0.01709259,0.04338274,0,Green
868,0.03107360,0.01566205,0.04385383,0,Green
869,0.03061423,0.01586247,0.04388325,0,Green
870,0.03015714,0.01606764,0.04388325,0,Green
871,0.02974581,0.01634445,0.04345505,0,Green
872,0.03042275,0.01604041,0.04345609,0,Green
873,0.03280015,0.01491903,0.04385384,0,Green
874,0.03245075,0.01499793,0.04420324,0,Green
875,0.03199018,0.01519518,0.04420778,0,Green
876,0.03169750,0.01539348,0.04385384,0,Green
877,0.03146432,0.01558384,0.04345401,0,Green
878,0.03256451,0.01511030,0.04345505,0,Green
879,0.03216799,0.01521654,0.04374054,0,Green
880,0.03452670,0.01420866,0.04385385,0,Green
881,0.03417638,0.01427829,0.04420416,0,Green
882,0.03371688,0.01444362,0.04431563,0,Green
883,0.03327329,0.01464883,0.04420871,0,Green
884,0.03411324,0.01442171,0.04366983,0,Green
885,0.03367024,0.01462890,0.04356306,0,Green
886,0.03320679,0.01481955,0.04356306,0,Green
887,0.02457511,0.01671266,0.06243830,0,Green
888,0.02424316,0.01688792,0.06277024,0,Green
889,0.02416078,0.01697030,0.06179184,0,Green
890,0.02412527,0.01697286,0.06229117,0,Green
891,0.02382123,0.01713741,0.06265290,0,Green
892,0.02353939,0.01731577,0.06228007,0,Green
893,0.02533034,0.01625889,0.06340963,0,Green
894,0.02499839,0.01643992,0.06374157,0,Green
895,0.02491819,0.01649522,0.06324922,0,Green
896,0.02448377,0.01673987,0.06330046,0,Green
897,0.02588729,0.01593078,0.06405792,0,Green
898,0.02588729,0.01592065,0.06455918,0,Green
899,0.02550857,0.01613989,0.06430966,0,Green
900,0.02507859,0.01638461,0.06423392,0,Green
901,0.02556648,0.01610078,0.06490004,0,Green
902,0.02589620,0.01591392,0.06522838,0,Green
903,0.02674940,0.01544780,0.06544368,0,Green
904,0.02641797,0.01562792,0.06577510,0,Green
905,0.02633287,0.01567546,0.06528468,0,Green
906,0.03625553,0.01352409,0.04388574,0,Green
907,0.03625553,0.01341281,0.04437546,0,Green
908,0.03580226,0.01355891,0.04452808,0,Green
909,0.03580165,0.01366846,0.04403859,0,Green
910,0.03538198,0.01376407,0.04435107,0,Green
911,0.03491442,0.01393116,0.04442405,0,Green
912,0.03527023,0.01391027,0.04388579,0,Green
913,0.03784030,0.01291061,0.04399336,0,Green
914,0.03748813,0.01296146,0.04434553,0,Green
915,0.03709022,0.01304283,0.04463825,0,Green
916,0.03707192,0.01316031,0.04415115,0,Green
917,0.03798209,0.01275084,0.04444765,0,Green
918,0.03945871,0.01231333,0.04410150,0,Green
919,0.03910561,0.01235476,0.04445461,0,Green
920,0.03870664,0.01242622,0.04474810,0,Green
921,0.03851633,0.01259377,0.04431703,0,Green
922,0.03970865,0.01212989,0.04449503,0,Green
923,0.04096850,0.01175664,0.04431828,0,Green
924,0.04061445,0.01178861,0.04467232,0,Green
925,0.04013855,0.01192739,0.04474819,0,Green
926,0.04049490,0.01193873,0.04421022,0,Green
927,0.04143520,0.01158638,0.04437505,0,Green
928,0.04143520,0.01146724,0.04486180,0,Green
929,0.04098979,0.01156591,0.04506843,0,Green
930,0.02718160,0.01521172,0.06599905,0,Green
931,0.02682554,0.01540531,0.06629241,0,Green
932,0.04316176,0.01103948,0.04442479,0,Green
933,0.04316176,0.01091841,0.04491053,0,Green
934,0.04274508,0.01110263,0.04469414,0,Green
935,0.04241588,0.01111146,0.04507168,0,Green
936,0.04193772,0.01126111,0.04507100,0,Green
937,0.04227888,0.01126768,0.04461458,0,Green
938,0.04191697,0.01145088,0.04432182,0,Green
939,0.04400770,0.01072096,0.04473219,0,Green
940,0.04365406,0.01073391,0.04508582,0,Green
941,0.04488831,0.01048888,0.04464099,0,Green
942,0.04488831,0.01036617,0.04512572,0,Green
943,0.04447052,0.01054158,0.04491105,0,Green
944,0.04438050,0.01044554,0.04539347,0,Green
945,0.04571687,0.01024330,0.04474957,0,Green
946,0.04661487,0.00997633,0.04485835,0,Green
947,0.04661487,0.00985178,0.04534438,0,Green
948,0.04619364,0.01002028,0.04512450,0,Green
949,0.04577474,0.01006243,0.04539530,0,Green
950,0.04538823,0.01023414,0.04512682,0,Green
951,0.04733659,0.00980368,0.04485641,0,Green
952,0.04833910,0.00937362,0.04558046,0,Green
953,0.04785111,0.00948460,0.04561066,0,Green
954,0.04834143,0.00953208,0.04496548,0,Green
955,0.04787266,0.00960421,0.04512561,0,Green
956,0.04743869,0.00964570,0.04537160,0,Green
957,0.05006798,0.00899669,0.04558279,0,Green
958,0.04962993,0.00903356,0.04582512,0,Green
959,0.04920121,0.00917858,0.04561076,0,Green
960,0.05004707,0.00913362,0.04507388,0,Green
961,0.04962182,0.00915782,0.04533647,0,Green
962,0.04929417,0.00932590,0.04496466,0,Green
963,0.04888519,0.00933990,0.04525281,0,Green
964,0.05179220,0.00866531,0.04558047,0,Green
965,0.05143756,0.00864807,0.04593278,0,Green
966,0.05094526,0.00874284,0.04593278,0,Green
967,0.05045295,0.00883760,0.04593278,0,Green
968,0.05141242,0.00881444,0.04528921,0,Green
969,0.05093942,0.00886471,0.04544532,0,Green
970,0.05048040,0.00899566,0.04528222,0,Green
971,0.05348600,0.00837490,0.04561323,0,Green
972,0.05313274,0.00834782,0.04596649,0,Green
973,0.05264144,0.00841150,0.04604136,0,Green
974,0.05284732,0.00848932,0.04558047,0,Green
975,0.05214780,0.00849378,0.04604136,0,Green
976,0.05220518,0.00867247,0.04528882,0,Green
977,0.05521252,0.00813142,0.04561328,0,Green
978,0.05485877,0.00809506,0.04596702,0,Green
979,0.05436681,0.00814592,0.04604199,0,Green
980,0.05387016,0.00821567,0.04604199,0,Green
981,0.05414659,0.00828113,0.04561327,0,Green
982,0.05524765,0.00797077,0.04625609,0,Green
983,0.05524764,0.00673846,0.05208341,0,Green
984,0.05524527,0.00638862,0.05421332,0,Green
985,0.05524764,0.00665059,0.05257650,0,Green
986,0.05524764,0.00657110,0.05307250,0,Green
987,0.05524764,0.00649160,0.05356851,0,Green
988,0.05524763,0.00632003,0.05471068,0,Green
989,0.05524763,0.00625176,0.05520805,0,Green
990,0.05524763,0.00618348,0.05570541,0,Green
991,0.05481659,0.00627460,0.05546146,0,Green
992,0.05502944,0.00615577,0.05615570,0,Green
993,0.05467369,0.00616252,0.05651145,0,Green
994,0.05524763,0.00607668,0.05659920,0,Green
995,0.05522628,0.00602309,0.05709725,0,Green
996,0.05511719,0.00598218,0.05758581,0,Green
997,0.05475195,0.00606862,0.05724903,0,Green
998,0.05488189,0.00597159,0.05802981,0,Green
999,0.05452802,0.00598662,0.05838368,0,Green
1000,0.05447340,0.00605056,0.05775195,0,Green
1001,0.05565736,0.00640424,0.05384148,0,Green
1002,0.05576631,0.00647039,0.05335595,0,Green
1003,0.05587288,0.00659418,0.05251281,0,Green
1004,0.05597983,0.00671864,0.05175691,0,Green
1005,0.05597983,0.00680863,0.05126327,0,Green
1006,0.05549564,0.00679044,0.05165063,0,Green
1007,0.05608848,0.00688513,0.05077908,0,Green
1008,0.05549564,0.00688043,0.05115699,0,Green
1009,0.05630434,0.00703293,0.04992756,0,Green
1010,0.05597411,0.00699312,0.05030259,0,Green
1011,0.05561088,0.00696306,0.05064697,0,Green
1012,0.05581608,0.00710402,0.04984029,0,Green
1013,0.05608970,0.00715830,0.04942516,0,Green
1014,0.05566041,0.00725398,0.04918693,0,Green
1015,0.05641202,0.00745981,0.04787160,0,Green
1016,0.05641202,0.00735142,0.04836087,0,Green
1017,0.05641202,0.00724302,0.04885014,0,Green
1018,0.05597920,0.00734330,0.04861256,0,Green
1019,0.05597920,0.00745201,0.04812329,0,Green
1020,0.05652022,0.00755486,0.04739173,0,Green
1021,0.05598626,0.00756153,0.04762931,0,Green
1022,0.05652084,0.00787942,0.04603621,1,SecondColor
1023,0.05648091,0.00767421,0.04690770,0,Green
1024,0.05603928,0.00766709,0.04714261,0,Green
1025,0.05614499,0.00784241,0.04636507,1,SecondColor
1026,0.05565638,0.00799408,0.04596808,0,Green
1027,0.05511701,0.00590230,0.05846680,0,Green
1028,0.05479402,0.00591078,0.05884916,0,Green
1029,0.05479402,0.00586677,0.05934789,0,Green
1030,0.05436415,0.00594454,0.05910327,0,Green
1031,0.05478927,0.00583433,0.05984899,0,Green
1032,0.05443541,0.00585795,0.06020286,0,Green
1033,0.05408154,0.00588158,0.06055672,0,Green
1034,0.05430954,0.00590522,0.05972075,0,Green
1035,0.05468637,0.00579883,0.06063205,0,Green
1036,0.05455557,0.00578564,0.06111482,0,Green
1037,0.05406328,0.00585273,0.06105774,0,Green
1038,0.05457935,0.00575769,0.06178546,0,Green
1039,0.05422500,0.00579030,0.06213982,0,Green
1040,0.05387066,0.00582292,0.06249417,0,Green
1041,0.05410133,0.00582422,0.06165466,0,Green
1042,0.05457935,0.00573285,0.06248941,0,Green
1043,0.05352106,0.00584313,0.06416422,0,Green
1044,0.05425591,0.00575248,0.06383546,0,Green
1045,0.05436294,0.00574374,0.06330037,0,Green
1046,0.05377077,0.00581521,0.06373082,0,Green
1047,0.05387065,0.00580699,0.06323854,0,Green
1048,0.05328595,0.00590589,0.06606177,0,Green
1049,0.05350206,0.00584429,0.06466532,0,Green
1050,0.05350206,0.00585419,0.06516643,0,Green
1051,0.05425592,0.00574886,0.06433726,0,Green
1052,0.05393249,0.00580530,0.06541696,0,Green
1053,0.05393248,0.00581522,0.06591875,0,Green
1054,0.05393248,0.00579525,0.06491516,0,Green
1055,0.05368753,0.00585600,0.06635633,0,Green
1056,0.05393248,0.00584824,0.06679393,0,Green
1057,0.05382309,0.00588573,0.06728145,0,Green
1058,0.05382308,0.00591053,0.06778087,0,Green
1059,0.05317954,0.00593924,0.06655066,0,Green
1060,0.05341671,0.00592428,0.06699178,0,Green
1061,0.05317955,0.00598282,0.06742816,0,Green
1062,0.05334294,0.00598084,0.06790233,0,Green
1063,0.02782733,0.01487277,0.06675325,0,Green
1064,0.02815106,0.01471187,0.06718490,0,Green
1065,0.02847479,0.01455298,0.06772444,0,Green
1066,0.02770817,0.01494391,0.06723435,0,Green
1067,0.02803191,0.01478301,0.06766599,0,Green
1068,0.02772167,0.01495153,0.06802120,0,Green
1069,0.02750407,0.01503651,0.06633943,0,Green
1070,0.02715025,0.01523469,0.06663279,0,Green
1071,0.02728013,0.01517288,0.06711202,0,Green
1072,0.02740330,0.01511476,0.06759349,0,Green
1073,0.02232976,0.01856461,0.07710956,0,Green
1074,0.02200533,0.01878437,0.07743177,0,Green
1075,0.02243642,0.01855759,0.07759842,0,Green
1076,0.02211200,0.01877735,0.07792063,0,Green
1077,0.02168117,0.01900182,0.07774567,0,Green
1078,0.02196410,0.01890710,0.07838060,0,Green
1079,0.02154527,0.01912415,0.07821128,0,Green
1080,0.01898554,0.02071149,0.07948295,0,Green
1081,0.01881510,0.02085769,0.07993010,0,Green
1082,0.01838189,0.02110707,0.07991410,0,Green
1083,0.02049460,0.01973403,0.07840279,0,Green
1084,0.02027934,0.01990525,0.07882223,0,Green
1085,0.02071653,0.01965641,0.07884443,0,Green
1086,0.01984881,0.02016632,0.07894208,0,Green
1087,0.02050126,0.01982764,0.07926386,0,Green
1088,0.02008404,0.02008005,0.07937482,0,Green
1089,0.01964409,0.02032849,0.07936848,0,Green
1090,0.01984656,0.02026061,0.07982237,0,Green
1091,0.01941047,0.02050163,0.07977565,0,Green
1092,0.02114371,0.01936610,0.07838728,0,Green
1093,0.02149748,0.01920775,0.07870322,0,Green
1094,0.02114035,0.01944201,0.07900073,0,Green
1095,-0.02373072,0.03892020,0.10766270,0,Green
1096,-0.02342652,0.03831480,0.10871340,0,Green
1097,-0.02377807,0.03824271,0.10906490,0,Green
1098,-0.02412961,0.03817060,0.10941650,0,Green
1099,-0.02351552,0.03855418,0.10828170,0,Green
1100,-0.02389154,0.03848477,0.10864220,0,Green
1101,-0.02398054,0.03872415,0.10821050,0,Green
1102,-0.02435950,0.03894672,0.10796890,0,Green
1103,-0.02072100,0.03813873,0.10741970,0,Green
1104,-0.02111218,0.03812071,0.10773210,0,Green
1105,-0.01943559,0.03812809,0.10644900,0,Green
1106,-0.01978941,0.03809390,0.10680280,0,Green
1107,-0.02014324,0.03805970,0.10715660,0,Green
1108,-0.02244756,0.03790922,0.10903660,0,Green
1109,-0.02267882,0.03777293,0.10945870,0,Green
1110,-0.02293253,0.03803555,0.10903660,0,Green
1111,-0.02316378,0.03789927,0.10945870,0,Green
1112,-0.02117724,0.03792660,0.10819060,0,Green
1113,-0.02152836,0.03786721,0.10854180,0,Green
1114,-0.02187949,0.03780781,0.10889290,0,Green
1115,-0.02199131,0.03804090,0.10846350,0,Green
1116,-0.02156862,0.03814572,0.10796920,0,Green
1117,-0.02330080,0.03755243,0.11022060,1,SecondColor
1118,-0.02348794,0.03779919,0.10982630,1,SecondColor
1119,0.01682843,0.02216057,0.08140098,0,Green
1120,0.01716354,0.02199544,0.08173608,0,Green
1121,0.01639568,0.02241369,0.08142317,0,Green
1122,0.01601176,0.02265541,0.08163843,0,Green
1123,0.01725899,0.02184216,0.08077702,0,Green
1124,0.01769059,0.02157342,0.08053657,0,Green
1125,0.01802655,0.02141708,0.08087255,0,Green
1126,0.01763051,0.02166012,0.08105944,0,Green
1127,0.01801476,0.02134302,0.08016036,0,Green
1128,0.01860431,0.02102387,0.08035541,0,Green
1129,0.01915056,0.02070233,0.08026999,0,Green
1130,0.01380809,0.02409223,0.08325821,0,Green
1131,0.01553464,0.02296191,0.08196197,0,Green
1132,0.01499522,0.02331377,0.08228693,0,Green
1133,0.01541305,0.02307970,0.08243284,0,Green
1134,0.01467025,0.02353676,0.08259643,0,Green
1135,0.01511018,0.02329256,0.08277329,0,Green
1136,0.01552801,0.02305850,0.08291920,0,Green
1137,0.01478452,0.02351198,0.08308316,0,Green
1138,0.01434733,0.02375124,0.08291228,0,Green
1139,0.01446051,0.02372579,0.08340051,0,Green
1140,0.01664281,0.02230742,0.08184481,0,Green
1141,0.01626160,0.02255257,0.08205980,0,Green
1142,0.01588392,0.02279491,0.08228093,0,Green
1143,-0.01425597,0.03746888,0.10299590,0,Green
1144,-0.01460938,0.03749696,0.10334930,0,Green
1145,-0.01496280,0.03752503,0.10370270,0,Green
1146,-0.01531621,0.03755310,0.10405620,0,Green
1147,-0.01572010,0.03777478,0.10386040,0,Green
1148,-0.01566963,0.03757215,0.10440960,0,Green
1149,-0.01602530,0.03757561,0.10476530,0,Green
1150,-0.01638096,0.03757907,0.10512090,0,Green
1151,-0.01673663,0.03758253,0.10547660,0,Green
1152,-0.01725888,0.03762107,0.10590650,0,Green
1153,-0.01719810,0.03777063,0.10543160,0,Green
1154,-0.01611759,0.03777318,0.10431500,0,Green
1155,-0.01682893,0.03778009,0.10502640,0,Green
1156,-0.01762269,0.03797781,0.10526210,0,Green
1157,-0.01768371,0.03782637,0.10573660,0,Green
1158,-0.01810405,0.03787084,0.10600560,0,Green
1159,-0.01769053,0.03764151,0.10623040,0,Green
1160,-0.01812217,0.03765805,0.10655410,0,Green
1161,-0.01866172,0.03771104,0.10687790,0,Green
1162,-0.01855606,0.03786204,0.10641020,0,Green
1163,-0.01898095,0.03807016,0.10624840,0,Green
1164,-0.01909389,0.03775417,0.10712650,0,Green
1165,-0.01941705,0.03770038,0.10750610,0,Green
1166,-0.01986226,0.03774577,0.10772990,0,Green
1167,-0.02031875,0.03792449,0.10762820,0,Green
1168,-0.02049648,0.03774498,0.10817220,0,Green
1169,-0.02211398,0.03767965,0.10933020,0,Green
1170,-0.01208821,0.03695039,0.10170270,0,Green
1171,-0.01208821,0.03682346,0.10218760,0,Green
1172,-0.01242808,0.03686704,0.10255240,0,Green
1173,-0.01249153,0.03704128,0.10198600,0,Green
1174,-0.01283140,0.03708486,0.10235080,0,Green
1175,-0.01327097,0.03721193,0.10255240,0,Green
1176,-0.01381477,0.03726666,0.10311740,0,Green
1177,-0.01391460,0.03716205,0.10359610,0,Green
1178,-0.01434794,0.03725645,0.10382750,0,Green
1179,-0.01477902,0.03732977,0.10412700,0,Green
1180,-0.01294584,0.03697976,0.10288650,0,Green
1181,-0.01373577,0.03737739,0.10263590,0,Green
1182,-0.01510799,0.03733340,0.10450470,0,Green
1183,-0.01036389,0.03641925,0.10083040,0,Green
1184,-0.01071551,0.03648209,0.10118200,0,Green
1185,-0.01121815,0.03659612,0.10159220,0,Green
1186,-0.01165092,0.03668291,0.10198890,0,Green
1187,-0.01115955,0.03669834,0.10110310,0,Green
1188,-0.01165543,0.03681589,0.10148860,0,Green
1189,-0.01056051,0.03660204,0.10040780,0,Green
1190,-0.00864631,0.03600245,0.09911282,0,Green
1191,-0.00899477,0.03608705,0.09946127,0,Green
1192,-0.00934323,0.03617165,0.09980974,0,Green
1193,-0.00969393,0.03625680,0.10016040,0,Green
1194,-0.01014581,0.03647080,0.10015370,0,Green
1195,-0.00977037,0.03640061,0.09968609,0,Green
1196,-0.00821575,0.03587239,0.09868226,0,Green
1197,0.01165152,0.02549427,0.08485688,0,Green
1198,0.01198398,0.02531808,0.08518934,0,Green
1199,0.01123706,0.02574498,0.08498322,0,Green
1200,0.01197333,0.02526951,0.08444346,0,Green
1201,0.01264146,0.02485780,0.08412026,0,Green
1202,0.01294366,0.02471116,0.08449134,0,Green
1203,0.01251924,0.02496309,0.08459356,0,Green
1204,0.01248369,0.02502013,0.08508909,0,Green
1205,0.01315950,0.02450267,0.08358022,0,Green
1206,0.01358671,0.02425835,0.08367541,0,Green
1207,0.01331888,0.02445070,0.08405170,0,Green
1208,0.01380586,0.02416822,0.08411589,0,Green
1209,0.01409176,0.02396188,0.08364894,0,Green
1210,0.01068075,0.02609072,0.08530681,0,Green
1211,0.01154957,0.02558305,0.08534005,0,Green
1212,0.01109964,0.02585638,0.08545309,0,Green
1213,0.01100877,0.02594842,0.08593626,0,Green
1214,0.01058631,0.02618004,0.08578969,0,Green
1215,0.01014051,0.02643704,0.08573784,0,Green
1216,0.00992386,0.02659316,0.08616231,0,Green
1217,0.01035274,0.02633925,0.08620431,0,Green
1218,0.00992162,0.02662425,0.08666232,0,Green
1219,0.00950831,0.02684693,0.08627791,0,Green
1220,0.00950164,0.02687312,0.08677787,0,Green
1221,0.00909278,0.02710246,0.08660011,0,Green
1222,0.00870614,0.02733656,0.08681788,0,Green
1223,-0.00260660,0.03357852,0.09479969,0,Green
1224,-0.00294611,0.03372702,0.09513920,0,Green
1225,-0.00328561,0.03387552,0.09547870,0,Green
1226,-0.00362579,0.03401550,0.09581886,0,Green
1227,-0.00396886,0.03414792,0.09616194,0,Green
1228,-0.00431193,0.03428034,0.09650500,0,Green
1229,-0.00465500,0.03441277,0.09684807,0,Green
1230,-0.00499807,0.03454519,0.09719115,0,Green
1231,-0.00404285,0.03425249,0.09567760,0,Green
1232,-0.00472899,0.03451734,0.09636375,0,Green
1233,-0.00507206,0.03464976,0.09670681,0,Green
1234,-0.00541831,0.03477877,0.09704410,0,Green
1235,-0.00577172,0.03490989,0.09737276,0,Green
1236,-0.00604073,0.03493341,0.09803371,0,Green
1237,-0.00645888,0.03510581,0.09824729,0,Green
1238,-0.00690401,0.03525521,0.09867893,0,Green
1239,-0.00619360,0.03508496,0.09758185,0,Green
1240,-0.00689951,0.03533558,0.09818434,0,Green
1241,-0.00729496,0.03547633,0.09845750,0,Green
1242,-0.00733564,0.03541281,0.09895242,0,Green
1243,-0.00770852,0.03563179,0.09869253,0,Green
1244,-0.00799327,0.03569791,0.09909931,0,Green
1245,-0.00822259,0.03571742,0.09954336,0,Green
1246,-0.00863056,0.03584525,0.09986568,0,Green
1247,-0.00906106,0.03597433,0.10017330,0,Green
1248,-0.00992434,0.03626976,0.10060610,0,Green
1249,-0.00259097,0.03349966,0.09565967,0,Green
1250,-0.00302205,0.03368792,0.09598299,0,Green
1251,-0.00172882,0.03315810,0.09436702,0,Green
1252,-0.00172882,0.03311726,0.09486610,0,Green
1253,-0.00204805,0.03325339,0.09522805,0,Green
1254,-0.00211549,0.03333735,0.09463005,0,Green
1255,-0.00043221,0.03247564,0.09415030,0,Green
1256,-0.00086441,0.03268266,0.09447277,0,Green
1257,-0.00126973,0.03288397,0.09468776,0,Green
1258,-0.00083753,0.03270902,0.09397338,0,Green
1259,-0.00124286,0.03291032,0.09418838,0,Green
1260,-0.00000224,0.03230936,0.09307316,0,Green
1261,-0.00000224,0.03228157,0.09357254,0,Green
1262,-0.00038518,0.03250184,0.09333070,0,Green
1263,0.00172210,0.03139562,0.09219756,0,Green
1264,0.00138749,0.03156377,0.09253217,0,Green
1265,0.00105289,0.03173193,0.09286676,0,Green
1266,0.00071828,0.03190008,0.09320137,0,Green
1267,0.00097704,0.03180169,0.09237377,0,Green
1268,0.00064244,0.03196984,0.09270839,0,Green
1269,0.00138303,0.03159471,0.09188749,0,Green
1270,0.00343532,0.03046621,0.09048434,0,Green
1271,0.00310380,0.03064608,0.09081586,0,Green
1272,0.00277229,0.03082595,0.09114737,0,Green
1273,0.00244077,0.03100582,0.09147889,0,Green
1274,0.00210925,0.03118569,0.09181041,0,Green
1275,0.00173101,0.03141034,0.09157234,0,Green
1276,0.00345088,0.03045169,0.09111958,0,Green
1277,0.00301924,0.03068580,0.09156017,0,Green
1278,0.00258760,0.03092038,0.09194931,0,Green
1279,0.00380694,0.03026037,0.09082482,0,Green
1280,0.00411256,0.03008267,0.09047099,0,Green
1281,0.00454921,0.02983512,0.09047099,0,Green
1282,0.00443782,0.02990540,0.08972912,0,Green
1283,0.00492571,0.02962408,0.09021702,0,Green
1284,0.00486011,0.02965599,0.08962101,0,Green
1285,0.00648849,0.02869549,0.08832667,0,Green
1286,0.00681736,0.02850803,0.08865554,0,Green
1287,0.00609741,0.02892430,0.08854221,0,Green
1288,0.00690403,0.02843708,0.08800288,0,Green
1289,0.00561021,0.02922241,0.08917496,0,Green
1290,0.00594035,0.02904154,0.08950510,0,Green
1291,0.00552767,0.02927407,0.08966570,0,Green
1292,0.00642627,0.02873969,0.08887108,0,Green
1293,0.00746026,0.02810691,0.08757187,0,Green
1294,0.00779178,0.02792735,0.08790340,0,Green
1295,0.00738239,0.02816572,0.08806359,0,Green
1296,0.00733344,0.02820815,0.08855975,0,Green
1297,0.00819840,0.02765035,0.08713976,0,Green
1298,0.00861064,0.02741501,0.08730377,0,Green
1299,0.00828484,0.02762321,0.08763179,0,Green
1300,0.00903657,0.02718098,0.08742163,0,Green
1301,0.02286800,0.01826699,0.07708119,0,Green
1302,0.02320795,0.01812023,0.07742113,0,Green
1303,0.02286576,0.01833981,0.07773424,0,Green
1304,0.02373242,0.01774027,0.07665849,0,Green
1305,0.02310560,0.01808806,0.07667857,0,Green
1306,0.02416072,0.01752051,0.07679456,0,Green
1307,0.02344466,0.01794168,0.07701764,0,Green
1308,0.02416296,0.01742735,0.07592331,0,Green
1309,0.02588949,0.01639013,0.07492299,0,Green
1310,0.02473172,0.01707962,0.07549179,0,Green
1311,0.02507210,0.01693332,0.07583217,0,Green
1312,0.02465558,0.01717025,0.07597773,0,Green
1313,0.02459287,0.01725417,0.07646815,0,Green
1314,0.02545785,0.01663867,0.07505941,0,Green
1315,0.02579332,0.01649548,0.07540383,0,Green
1316,0.02550481,0.01669163,0.07576390,0,Green
1317,0.02623115,0.01625215,0.07526467,0,Green
1318,0.02654646,0.01604797,0.07493194,0,Green
1319,0.02685938,0.01581318,0.07416633,0,Green
1320,0.02719841,0.01566789,0.07450536,0,Green
1321,0.02627787,0.01614974,0.07452106,0,Green
1322,0.02761379,0.01534163,0.07344081,0,Green
1323,0.02718326,0.01560184,0.07376596,0,Green
1324,0.02760706,0.01539506,0.07393860,0,Green
1325,0.02815399,0.01474841,0.06855470,0,Green
1326,0.02848940,0.01458756,0.06889011,0,Green
1327,0.02882481,0.01442671,0.06922551,0,Green
1328,0.02916022,0.01426586,0.06956092,0,Green
1329,0.02870410,0.01444450,0.06815609,0,Green
1330,0.02904806,0.01427869,0.06847981,0,Green
1331,0.02933807,0.01414360,0.06886425,0,Green
1332,0.02934706,0.01419374,0.07001979,0,Green
1333,0.02890810,0.01462388,0.07276193,0,Green
1334,0.02924801,0.01447835,0.07310184,0,Green
1335,0.02848265,0.01485147,0.07290149,0,Green
1336,0.02923241,0.01442278,0.07236234,0,Green
1337,0.02803973,0.01514552,0.07362012,0,Green
1338,0.02836656,0.01501717,0.07397626,0,Green
1339,0.02793605,0.01526508,0.07429407,0,Green
1340,0.02881580,0.01471111,0.07324816,0,Green
1341,0.02966117,0.01400285,0.06934322,0,Green
1342,0.02977868,0.01399116,0.07017940,0,Green
1343,0.03011766,0.01384592,0.07051837,0,Green
1344,0.03045665,0.01370068,0.07085736,0,Green
1345,0.03003179,0.01391973,0.07100652,0,Green
1346,0.03018888,0.01377409,0.06998925,0,Green
1347,0.02991275,0.01406019,0.07204003,0,Green
1348,0.03020013,0.01395413,0.07243602,0,Green
1349,0.02975661,0.01417602,0.07250165,0,Green
1350,0.02977019,0.01421241,0.07300174,0,Green
1351,0.03063518,0.01365467,0.07149917,1,SecondColor
1352,0.03106456,0.01345809,0.07166415,1,SecondColor
1353,0.05285463,0.00614689,0.06908358,0,Green
1354,0.05320800,0.00612117,0.06943695,0,Green
1355,0.05274791,0.00620459,0.06961483,0,Green
1356,0.05296373,0.00606061,0.06822030,0,Green
1357,0.05352106,0.00598718,0.06836971,0,Green
1358,0.05324121,0.00606296,0.06877763,0,Green
1359,0.05268266,0.00632483,0.07063816,0,Green
1360,0.05303792,0.00631109,0.07099342,0,Green
1361,0.05328423,0.00632238,0.07142921,0,Green
1362,0.05278923,0.00639487,0.07141974,0,Green
1363,0.05339317,0.00613473,0.06990159,0,Green
1364,0.05293371,0.00622410,0.07007921,0,Green
1365,0.05332212,0.00620083,0.07039421,0,Green
1366,0.05360667,0.00603734,0.06911979,0,Green
1367,0.05242364,0.00654558,0.07210570,0,Green
1368,0.05277842,0.00654372,0.07246048,0,Green
1369,0.05296053,0.00658266,0.07292641,0,Green
1370,0.05231484,0.00663457,0.07262604,0,Green
1371,0.05249696,0.00667351,0.07309198,0,Green
1372,0.05303621,0.00641866,0.07185500,0,Green
1373,0.05220729,0.00680282,0.07361591,0,Green
1374,0.05256109,0.00681248,0.07396971,0,Green
1375,0.05285357,0.00683975,0.07437541,0,Green
1376,0.05235824,0.00691735,0.07441550,0,Green
1377,0.05263657,0.00694824,0.07483063,0,Green
1378,0.05288187,0.00666936,0.07341306,0,Green
1379,0.05220908,0.00710990,0.07534426,0,Green
1380,0.05256240,0.00713077,0.07569759,0,Green
1381,0.05263777,0.00721719,0.07618517,0,Green
1382,0.05208188,0.00722136,0.07581536,0,Green
1383,0.05215962,0.00730745,0.07630294,0,Green
1384,0.05251099,0.00732913,0.07665861,0,Green
1385,0.05188379,0.00742706,0.07670324,0,Green
1386,0.05223614,0.00745932,0.07705795,0,Green
1387,0.05242173,0.00753786,0.07751602,0,Green
1388,0.05179922,0.00756852,0.07727642,0,Green
1389,0.05225024,0.00766392,0.07796939,0,Green
1390,0.05179923,0.00776854,0.07815967,0,Green
1391,0.01035702,0.02877145,0.11259700,0,Green
1392,0.01186542,0.02837913,0.11205780,0,Green
1393,0.01208359,0.02839111,0.11250820,0,Green
1394,0.01159599,0.02850153,0.11248770,0,Green
1395,0.01110606,0.02860337,0.11248770,0,Green
1396,0.01085873,0.02870258,0.11291170,0,Green
1397,0.01380781,0.02784297,0.11141010,0,Green
1398,0.01326899,0.02800413,0.11162560,0,Green
1399,0.01273017,0.02814713,0.11173340,0,Green
1400,0.01369302,0.02794971,0.11188560,0,Green
1401,0.01309095,0.02812197,0.11208010,0,Green
1402,0.01262225,0.02823949,0.11221310,0,Green
1403,-0.01349458,0.03143619,0.12122660,0,Green
1404,-0.01208828,0.03151501,0.12068710,0,Green
1405,-0.01208828,0.03137052,0.12116610,0,Green
1406,-0.01240135,0.03127501,0.12154460,0,Green
1407,-0.01261863,0.03141695,0.12111700,0,Green
1408,-0.01290133,0.03131329,0.12151650,0,Green
1409,-0.01079569,0.03152330,0.12025430,0,Green
1410,-0.01114567,0.03145085,0.12060430,0,Green
1411,-0.01149565,0.03137840,0.12095430,0,Green
1412,-0.00863517,0.03152231,0.11950040,0,Green
1413,-0.00902094,0.03148515,0.11981800,0,Green
1414,-0.01036173,0.03143445,0.12048660,0,Green
1415,-0.01057285,0.03132910,0.12092760,0,Green
1416,-0.00949259,0.03132695,0.12057700,0,Green
1417,-0.00943636,0.03145094,0.12009440,0,Green
1418,-0.00989553,0.03143906,0.12030290,0,Green
1419,-0.00690861,0.03145211,0.11896180,0,Green
1420,-0.00690861,0.03135391,0.11945240,0,Green
1421,-0.00724827,0.03131365,0.11981800,0,Green
1422,-0.00734025,0.03144343,0.11921410,0,Green
1423,-0.00767991,0.03140318,0.11957970,0,Green
1424,-0.00812098,0.03139872,0.11981560,0,Green
1425,-0.00561781,0.03136968,0.11852950,0,Green
1426,-0.00597113,0.03134523,0.11888280,0,Green
1427,-0.00632445,0.03132077,0.11923620,0,Green
1428,-0.00644929,0.03143188,0.11876270,0,Green
1429,-0.00345550,0.03123006,0.11766750,0,Green
1430,-0.00372076,0.03120841,0.11809140,0,Green
1431,-0.00409734,0.03130009,0.11777400,0,Green
1432,-0.00270440,0.03115034,0.11734270,0,Green
1433,-0.00863517,0.03137737,0.12011950,0,Green
1434,-0.00518206,0.03128830,0.11876170,0,Green
1435,-0.00396567,0.03116810,0.11852600,0,Green
1436,-0.00441679,0.03119103,0.11874330,0,Green
1437,-0.00436719,0.03126770,0.11824490,0,Green
1438,-0.00484430,0.03130586,0.11839140,0,Green
1439,-0.00172894,0.03105484,0.11701940,0,Green
1440,-0.00172894,0.03100481,0.11751740,0,Green
1441,-0.00215821,0.03103536,0.11777360,0,Green
1442,-0.00216058,0.03108618,0.11727080,0,Green
1443,-0.00254479,0.03105412,0.11809140,0,Green
1444,-0.00293374,0.03113561,0.11778780,0,Green
1445,-0.00000711,0.03083925,0.11637190,0,Green
1446,-0.00036237,0.03086147,0.11672720,0,Green
1447,-0.00071763,0.03088371,0.11708250,0,Green
1448,-0.00107289,0.03090593,0.11743770,0,Green
1449,-0.00083842,0.03095170,0.11660170,0,Green
1450,-0.00119368,0.03097393,0.11695690,0,Green
1451,-0.02795053,0.02916383,0.12640330,0,Green
1452,-0.02843220,0.02907230,0.12651100,0,Green
1453,-0.02665547,0.02947502,0.12597180,0,Green
1454,-0.02632344,0.02929464,0.12630380,0,Green
1455,-0.02681485,0.02922686,0.12637680,0,Green
1456,-0.02730847,0.02925086,0.12629490,0,Green
1457,-0.02710261,0.02900776,0.12672210,0,Green
1458,-0.02760287,0.02898548,0.12671770,0,Green
1459,-0.02617059,0.02954570,0.12586330,0,Green
1460,-0.02535931,0.02975859,0.12554140,0,Green
1461,-0.02502514,0.02958676,0.12587550,0,Green
1462,-0.02551526,0.02951896,0.12595350,0,Green
1463,-0.02582047,0.02931343,0.12629220,0,Green
1464,-0.02426843,0.03006501,0.12500230,0,Green
1465,-0.02491504,0.02993876,0.12521780,0,Green
1466,-0.02446152,0.02984534,0.12540860,0,Green
1467,-0.02417413,0.02965695,0.12577240,0,Green
1468,-0.03127920,0.02823029,0.12758990,0,Green
1469,-0.03149557,0.02797595,0.12796360,0,Green
1470,-0.03108032,0.02783875,0.12820840,0,Green
1471,-0.03152986,0.02769497,0.12837710,0,Green
1472,-0.03198811,0.02789950,0.12802100,0,Green
1473,-0.03202068,0.02761729,0.12843360,0,Green
1474,-0.03246589,0.02779196,0.12812300,0,Green
1475,-0.03275691,0.02754786,0.12844880,0,Green
1476,-0.02998501,0.02859074,0.12715770,0,Green
1477,-0.02948354,0.02861671,0.12715770,0,Green
1478,-0.03052387,0.02849584,0.12726540,0,Green
1479,-0.02972548,0.02837452,0.12752720,0,Green
1480,-0.03021485,0.02829885,0.12760730,0,Green
1481,-0.03029571,0.02802527,0.12801820,0,Green
1482,-0.03070878,0.02823220,0.12764890,0,Green
1483,-0.02890665,0.02891275,0.12672880,0,Green
1484,-0.02808542,0.02889677,0.12682620,0,Green
1485,-0.02852813,0.02876025,0.12701880,0,Green
1486,-0.02863881,0.02850688,0.12743710,0,Green
1487,-0.02913382,0.02844550,0.12747220,0,Green
1488,-0.02388263,0.02992663,0.12529150,0,Green
1489,-0.02350295,0.03007768,0.12500230,0,Green
1490,-0.02300126,0.03008584,0.12500230,0,Green
1491,-0.02249956,0.03009400,0.12500230,0,Green
1492,-0.02325210,0.02988716,0.12539100,0,Green
1493,-0.02263515,0.03030784,0.12457060,0,Green
1494,-0.02158656,0.03051210,0.12413900,0,Green
1495,-0.02192328,0.03034939,0.12447570,0,Green
1496,-0.02072103,0.03067693,0.12381410,0,Green
1497,-0.02072103,0.03046405,0.12426850,0,Green
1498,-0.02109360,0.03031808,0.12456840,0,Green
1499,-0.02144346,0.03016180,0.12489100,0,Green
1500,-0.02192962,0.03010570,0.12499550,0,Green
1501,-0.01899674,0.03089594,0.12327570,0,Green
1502,-0.01933523,0.03074388,0.12361420,0,Green
1503,-0.01967373,0.03059183,0.12395270,0,Green
1504,-0.02013263,0.03051449,0.12413670,0,Green
1505,-0.01982367,0.03079697,0.12352110,0,Green
1506,-0.01726793,0.03103360,0.12284300,0,Green
1507,-0.01746591,0.03086541,0.12327110,0,Green
1508,-0.01776518,0.03102285,0.12289590,0,Green
1509,-0.01806445,0.03087813,0.12327110,0,Green
1510,-0.01842588,0.03101464,0.12295120,0,Green
1511,-0.01619199,0.03123322,0.12219750,0,Green
1512,-0.01653684,0.03111371,0.12254240,0,Green
1513,-0.01899448,0.03060070,0.12395260,0,Green
1514,-0.01823068,0.03069225,0.12370570,0,Green
1515,-0.01554138,0.03129783,0.12198200,0,Green
1516,-0.01554138,0.03112422,0.12245180,0,Green
1517,-0.01582606,0.03098708,0.12284070,0,Green
1518,-0.01639772,0.03094377,0.12299340,0,Green
1519,-0.01686523,0.03089122,0.12316470,0,Green
1520,-0.01384486,0.03134923,0.12157690,0,Green
1521,-0.01419156,0.03124122,0.12192360,0,Green
1522,-0.01453826,0.03113321,0.12227030,0,Green
1523,-0.01501902,0.03110983,0.12240900,0,Green
1524,-0.01467694,0.03130694,0.12182190,0,Green
1525,-0.01326874,0.03118074,0.12197910,0,Green
1526,-0.00000238,0.03079110,0.11706780,0,Green
1527,0.00172181,0.03055963,0.11636960,0,Green
1528,0.00133998,0.03059946,0.11669210,0,Green
1529,0.00085616,0.03067035,0.11680120,0,Green
1530,0.00036760,0.03075414,0.11673240,0,Green
1531,0.00147042,0.03061590,0.11594030,0,Green
1532,0.00109096,0.03066570,0.11626290,0,Green
1533,0.00060714,0.03074788,0.11615610,0,Green
1534,0.00258274,0.03042578,0.11550870,0,Green
1535,0.00223034,0.03048066,0.11586110,0,Green
1536,0.00647283,0.02970874,0.11420960,0,Green
1537,0.00682572,0.02965154,0.11456250,0,Green
1538,0.00598020,0.02980128,0.11421430,0,Green
1539,0.00571731,0.02986136,0.11463590,0,Green
1540,0.00684728,0.02960956,0.11389060,0,Green
1541,0.00776834,0.02943092,0.11377850,0,Green
1542,0.00812123,0.02938522,0.11413140,0,Green
1543,0.00764756,0.02948015,0.11426170,0,Green
1544,0.00863045,0.02920035,0.11324430,0,Green
1545,0.00813984,0.02932398,0.11345890,0,Green
1546,0.00855261,0.02925887,0.11373490,0,Green
1547,0.00910584,0.02912594,0.11338950,0,Green
1548,0.00905854,0.02917690,0.11388620,0,Green
1549,0.00938656,0.02901313,0.11292110,0,Green
1550,0.00987650,0.02890954,0.11292110,0,Green
1551,0.01034053,0.02883136,0.11309540,0,Green
1552,0.00964095,0.02900861,0.11335220,0,Green
1553,0.01010498,0.02893042,0.11352650,0,Green
1554,0.01136144,0.02859902,0.11291880,0,Green
1555,0.00345075,0.03028841,0.11507760,0,Green
1556,0.00345075,0.03028597,0.11557870,0,Green
1557,0.00310638,0.03033952,0.11593730,0,Green
1558,0.00258865,0.03042136,0.11620570,0,Green
1559,0.00474627,0.03004476,0.11464540,0,Green
1560,0.00431522,0.03013281,0.11488460,0,Green
1561,0.00517731,0.02996925,0.11488930,0,Green
1562,0.00473679,0.03005954,0.11514510,0,Green
1563,0.00418022,0.03017094,0.11536540,0,Green
1564,0.00623218,0.02976515,0.11464540,0,Green
1565,0.01423768,0.02779934,0.11166200,0,Green
1566,0.01467110,0.02761086,0.11119450,1,SecondColor
1567,0.01509923,0.02756355,0.11144950,1,SecondColor
1568,0.01553672,0.02751046,0.11168580,0,Green
1569,0.01520919,0.02765755,0.11205780,0,Green
1570,0.05145297,0.00822704,0.07976781,0,Green
1571,0.05156090,0.00790768,0.07857674,0,Green
1572,0.05179454,0.00797943,0.07901364,0,Green
1573,0.05134423,0.00868548,0.08138564,0,Green
1574,0.05169888,0.00872683,0.08174029,0,Green
1575,0.05177357,0.00827117,0.08014899,0,Green
1576,0.05134484,0.00840239,0.08037035,0,Green
1577,0.05177357,0.00840561,0.08063132,0,Green
1578,0.05134484,0.00853683,0.08085267,0,Green
1579,0.05177357,0.00854005,0.08111364,0,Green
1580,0.05209674,0.00803924,0.07940892,0,Green
1581,0.05220395,0.00778248,0.07845535,0,Green
1582,0.05102201,0.00914936,0.08278998,0,Green
1583,0.05137571,0.00920080,0.08314367,0,Green
1584,0.05166657,0.00927578,0.08354390,0,Green
1585,0.05114767,0.00936026,0.08356018,0,Green
1586,0.05102073,0.00886581,0.08185454,0,Green
1587,0.05143437,0.00888579,0.08213571,0,Green
1588,0.05166442,0.00898128,0.08257025,0,Green
1589,0.05091389,0.00967342,0.08440840,0,Green
1590,0.05126616,0.00973456,0.08476068,0,Green
1591,0.05134264,0.00987628,0.08523577,0,Green
1592,0.05078411,0.00983907,0.08486264,0,Green
1593,0.05080497,0.00952039,0.08388928,0,Green
1594,0.05143765,0.00944605,0.08395881,0,Green
1595,0.05059036,0.01018784,0.08581144,0,Green
1596,0.05094168,0.01025840,0.08616275,0,Green
1597,0.05123522,0.01036754,0.08660191,0,Green
1598,0.05073828,0.01043340,0.08658573,0,Green
1599,0.05100871,0.01054187,0.08701333,0,Green
1600,0.05051177,0.01060773,0.08699715,0,Green
1601,0.05058966,0.01000699,0.08529369,0,Green
1602,0.05100746,0.01004089,0.08556837,0,Green
1603,0.05076324,0.01072577,0.08741390,0,Green
1604,0.05091169,0.01087311,0.08786855,0,Green
1605,0.05026625,0.01078877,0.08739368,0,Green
1606,0.05091169,0.01104523,0.08833879,0,Green
1607,0.05041839,0.01095161,0.08789621,0,Green
1608,0.05041839,0.01112373,0.08836646,0,Green
1609,0.01650321,0.02741523,0.11216570,0,Green
1610,0.01682460,0.02742762,0.11255050,0,Green
1611,0.01596366,0.02747762,0.11194520,0,Green
1612,0.01634135,0.02753634,0.11262320,0,Green
1613,0.01588156,0.02758772,0.11242610,0,Green
1614,0.01716034,0.02743464,0.11292110,0,Green
1615,0.01666203,0.02755154,0.11300760,0,Green
1616,0.01699891,0.02756873,0.11337730,0,Green
1617,0.01726328,0.02761219,0.11380070,0,Green
1618,0.01758060,0.02742196,0.11319170,0,Green
1619,0.01792125,0.02745111,0.11356740,0,Green
1620,0.01833656,0.02744201,0.11384740,0,Green
1621,0.01867720,0.02746882,0.11421370,0,Green
1622,0.01898285,0.02750934,0.11460800,0,Green
1623,0.01819693,0.02757256,0.11430990,0,Green
1624,0.01778171,0.02757830,0.11403070,0,Green
1625,0.01849921,0.02761362,0.11470610,0,Green
1626,0.01884266,0.02764872,0.11506820,0,Green
1627,0.01941392,0.02750971,0.11486200,0,Green
1628,0.01979605,0.02753862,0.11518590,0,Green
1629,0.02016885,0.02757163,0.11551910,0,Green
1630,0.02055797,0.02759682,0.11583360,0,Green
1631,0.02070476,0.02770319,0.11629960,0,Green
1632,0.02009793,0.02770933,0.11599470,0,Green
1633,0.01969968,0.02767769,0.11565740,0,Green
1634,0.01931782,0.02764740,0.11533410,0,Green
1635,0.02028010,0.02782630,0.11653520,0,Green
1636,0.02071641,0.02783688,0.11678250,0,Green
1637,0.02121438,0.02778784,0.11680230,0,Green
1638,0.02170303,0.02775706,0.11691170,0,Green
1639,0.02200320,0.02783799,0.11730490,0,Green
1640,0.02243833,0.02785842,0.11755860,0,Green
1641,0.02238714,0.02801049,0.11803330,0,Green
1642,0.02195467,0.02798559,0.11778070,0,Green
1643,0.02150843,0.02791093,0.11734610,0,Green
1644,0.02100145,0.02793274,0.11723170,0,Green
1645,0.02286705,0.02791285,0.11788170,0,Green
1646,0.02232881,0.02816158,0.11850850,0,Green
1647,0.02319024,0.02799760,0.11825390,0,Green
1648,0.02351281,0.02808771,0.11862520,0,Green
1649,0.02387715,0.02816192,0.11896170,0,Green
1650,0.02416027,0.02826536,0.11936080,0,Green
1651,0.02302161,0.02816131,0.11869570,0,Green
1652,0.02339958,0.02825150,0.11908540,0,Green
1653,0.02403655,0.02842691,0.11981800,0,Green
1654,0.02365390,0.02836009,0.11950300,0,Green
1655,-0.03236540,0.02740073,0.12872410,0,Green
1656,-0.03376028,0.02746286,0.12845530,0,Green
1657,-0.03326077,0.02750298,0.12845530,0,Green
1658,-0.03408387,0.02723147,0.12875930,0,Green
1659,-0.03298495,0.02728452,0.12881150,0,Green
1660,-0.03349315,0.02724077,0.12881580,0,Green
1661,-0.03381674,0.02700938,0.12911990,0,Green
1662,-0.03431759,0.02696311,0.12911140,0,Green
1663,-0.03419458,0.02669292,0.12951500,0,Green
1664,-0.03483988,0.02707462,0.12888480,0,Green
1665,-0.03527152,0.02690665,0.12907470,0,Green
1666,-0.03477081,0.02679380,0.12929270,0,Green
1667,-0.03520245,0.02662583,0.12948260,0,Green
1668,-0.03573449,0.02676996,0.12920810,0,Green
1669,-0.03566371,0.02648257,0.12961350,0,Green
1670,-0.03614200,0.02657090,0.12942260,0,Green
1671,-0.03581170,0.02619079,0.12999310,0,Green
1672,-0.03625567,0.02602532,0.13015610,0,Green
1673,-0.03667391,0.02644579,0.12953200,0,Green
1674,-0.03668839,0.02614728,0.12993460,0,Green
1675,-0.03714241,0.02624092,0.12974700,0,Green
1676,-0.03709339,0.02594483,0.13014770,0,Green
1677,-0.03761349,0.02611008,0.12985570,0,Green
1678,-0.03788846,0.02584109,0.13017540,0,Green
1679,-0.03838739,0.02578808,0.13017760,0,Green
1680,-0.06387662,0.04434527,0.10774260,0,Green
1681,-0.06357096,0.04409212,0.10804830,0,Green
1682,-0.06353378,0.04376195,0.10842210,0,Green
1683,-0.06385804,0.04349785,0.10869680,0,Green
1684,-0.06385804,0.04316542,0.10907060,0,Green
1685,-0.06331073,0.04438438,0.10773650,0,Green
1686,-0.06333628,0.04541728,0.10655640,0,Green
1687,-0.06302989,0.04516689,0.10686280,0,Green
1688,-0.06299470,0.04483870,0.10723960,0,Green
1689,-0.06348120,0.04474629,0.10731210,0,Green
1690,-0.06299156,0.04591521,0.10600990,0,Green
1691,-0.06249204,0.04594395,0.10600990,0,Green
1692,-0.06272832,0.04564388,0.10633740,0,Green
1693,-0.06417780,0.04406715,0.10802940,0,Green
1694,-0.06428713,0.04373768,0.10839040,0,Green
1695,-0.06450166,0.04342762,0.10872040,0,Green
1696,-0.06471833,0.04275021,0.10946300,0,Green
1697,-0.06421826,0.04278894,0.10946300,0,Green
1698,-0.06444668,0.04248030,0.10978610,0,Green
1699,-0.06504141,0.04233231,0.10989930,0,Green
1700,-0.06462983,0.04216034,0.11012560,0,Green
1701,-0.06451665,0.04183925,0.11049190,0,Green
1702,-0.06435520,0.04311419,0.10908550,0,Green
1703,-0.06558064,0.04112841,0.11118960,0,Green
1704,-0.06508177,0.04116711,0.11118960,0,Green
1705,-0.06526859,0.04084611,0.11152630,0,Green
1706,-0.06508051,0.04199569,0.11026970,0,Green
1707,-0.06472038,0.04152505,0.11082330,0,Green
1708,-0.06516283,0.04166125,0.11063390,0,Green
1709,-0.06590091,0.04070323,0.11162480,0,Green
1710,-0.06561349,0.04044186,0.11194100,0,Green
1711,-0.06601176,0.04021839,0.11214630,0,Green
1712,-0.06561144,0.04003653,0.11238650,0,Green
1713,-0.06580031,0.03971458,0.11272110,0,Green
1714,-0.06620885,0.03988848,0.11248910,0,Green
1715,-0.06625403,0.03955049,0.11285660,0,Green
1716,-0.06644297,0.03922727,0.11319060,0,Green
1717,-0.06598009,0.03912047,0.11335240,0,Green
1718,-0.06676657,0.03895353,0.11345680,0,Green
1719,-0.06630370,0.03884673,0.11361860,0,Green
1720,-0.06612551,0.03853929,0.11397090,0,Green
1721,-0.06662115,0.03857024,0.11388900,0,Green
1722,-0.06644502,0.03826104,0.11424330,0,Green
1723,-0.06655357,0.03792476,0.11459970,0,Green
1724,-0.06694476,0.03824307,0.11421460,0,Green
1725,-0.06705330,0.03790679,0.11457100,0,Green
1726,-0.06681430,0.03761997,0.11490450,0,Green
1727,-0.06687772,0.03727970,0.11526660,0,Green
1728,-0.06731344,0.03760459,0.11487380,0,Green
1729,-0.06698818,0.03694341,0.11562050,0,Green
1730,-0.06721731,0.03663087,0.11593760,0,Green
1731,-0.06730936,0.03629240,0.11629560,0,Green
1732,-0.06763053,0.03728626,0.11518480,0,Green
1733,-0.06773895,0.03694875,0.11553870,0,Green
1734,-0.06773895,0.03660880,0.11590690,0,Green
1735,-0.06780906,0.03626896,0.11626890,0,Green
1736,-0.06816960,0.03601493,0.11650610,0,Green
1737,-0.06756275,0.03598599,0.11660010,0,Green
1738,-0.06838619,0.03569633,0.11682690,0,Green
1739,-0.06788763,0.03571009,0.11686370,0,Green
1740,-0.06815735,0.03540536,0.11716410,0,Green
1741,-0.06785085,0.03515220,0.11746850,0,Green
1742,-0.06834856,0.03508190,0.11749440,0,Green
1743,-0.06817264,0.03477283,0.11784620,0,Green
1744,-0.06866769,0.03480463,0.11776240,0,Green
1745,-0.06886204,0.03448215,0.11809170,0,Green
1746,-0.06836863,0.03444977,0.11817540,0,Green
1747,-0.06868699,0.03417118,0.11844280,0,Green
1748,-0.06924845,0.03403917,0.11852900,0,Green
1749,-0.06907068,0.03373082,0.11888040,0,Green
1750,-0.06935674,0.03343666,0.11916650,0,Green
1751,-0.06906660,0.03317560,0.11947910,0,Green
1752,-0.06860277,0.03363390,0.11902960,0,Green
1753,-0.06922822,0.03284549,0.11981830,0,Green
1754,-0.06956371,0.03311568,0.11949100,0,Green
1755,-0.06976418,0.03279465,0.11981830,0,Green
1756,-0.06947067,0.03253398,0.12012850,0,Green
1757,-0.07011151,0.03235552,0.12025500,0,Green
1758,-0.06967477,0.03221282,0.12045300,0,Green
1759,-0.06946660,0.03191368,0.12079590,0,Green
1760,-0.06996671,0.03192169,0.12073680,0,Green
1761,-0.06968645,0.03159683,0.12111520,0,Green
1762,-0.07018355,0.03160540,0.12105800,0,Green
1763,-0.06989919,0.03127901,0.12143850,0,Green
1764,-0.07108161,0.03027143,0.12241220,0,Green
1765,-0.07079113,0.03000927,0.12272520,0,Green
1766,-0.07101818,0.02969464,0.12304230,0,Green
1767,-0.07183691,0.02878244,0.12395420,0,Green
1768,-0.07153138,0.02852671,0.12425980,0,Green
1769,-0.07129966,0.02823694,0.12459610,0,Green
1770,-0.07200710,0.02840250,0.12435410,0,Green
1771,-0.07140834,0.02790134,0.12495280,0,Green
1772,-0.07178155,0.02811036,0.12469240,0,Green
1773,-0.07203990,0.02780985,0.12499800,0,Green
1774,-0.07151325,0.02943759,0.12327550,0,Green
1775,-0.07079725,0.02940151,0.12338190,0,Green
1776,-0.07120435,0.02918471,0.12357830,0,Green
1777,-0.07134141,0.02885152,0.12392600,0,Green
1778,-0.07270018,0.02696641,0.12586330,0,Green
1779,-0.07291550,0.02665100,0.12618930,0,Green
1780,-0.07251769,0.02646413,0.12642920,0,Green
1781,-0.07279928,0.02617398,0.12672450,0,Green
1782,-0.07173326,0.02755491,0.12530110,0,Green
1783,-0.07186228,0.02722196,0.12565130,0,Green
1784,-0.07222856,0.02748726,0.12533220,0,Green
1785,-0.07205427,0.02690208,0.12598630,0,Green
1786,-0.07324035,0.02599828,0.12688260,0,Green
1787,-0.07259364,0.02587506,0.12706940,0,Green
1788,-0.07303505,0.02569932,0.12722750,0,Green
1789,-0.07334709,0.02542274,0.12750670,0,Green
1790,-0.07291802,0.02526697,0.12771200,0,Green
1791,-0.07302599,0.02493430,0.12807040,0,Green
1792,-0.07345609,0.02509066,0.12786660,0,Green
1793,-0.07313300,0.02460324,0.12843050,0,Green
1794,-0.07356310,0.02475960,0.12822680,0,Green
1795,-0.07442557,0.02372863,0.12931640,0,Green
1796,-0.07464191,0.02342002,0.12964610,0,Green
1797,-0.07424426,0.02323081,0.12988510,0,Green
1798,-0.07454409,0.02295526,0.13017560,0,Green
1799,-0.07399349,0.02452676,0.12845520,0,Green
1800,-0.07354335,0.02439520,0.12863190,0,Green
1801,-0.07371806,0.02407362,0.12897520,0,Green
1802,-0.07416803,0.02420702,0.12879930,0,Green
1803,-0.07378068,0.02374079,0.12934320,0,Green
1804,-0.07378068,0.02340692,0.12971610,0,Green
1805,-0.07496504,0.02276286,0.13036760,0,Green
1806,-0.07424427,0.02269721,0.13048330,0,Green
1807,-0.07466558,0.02250477,0.13067540,0,Green
1808,-0.07507244,0.02230022,0.13088190,0,Green
1809,-0.07443221,0.02221757,0.13101200,0,Green
1810,-0.07483906,0.02201303,0.13121850,0,Green
1811,-0.07464382,0.02171243,0.13156880,0,Green
1812,-0.07534149,0.02201486,0.13119200,0,Green
1813,-0.07514481,0.02171568,0.13154190,0,Green
1814,-0.07486326,0.02141086,0.13190210,0,Green
1815,-0.07536426,0.02141410,0.13187520,0,Green
1816,-0.07615138,0.02060591,0.13276750,0,Green
1817,-0.07597706,0.02030183,0.13312440,0,Green
1818,-0.07611402,0.01998245,0.13348550,0,Green
1819,-0.07657410,0.01984615,0.13363070,0,Green
1820,-0.07575372,0.02118331,0.13211920,0,Green
1821,-0.07513753,0.02112456,0.13221440,0,Green
1822,-0.07530916,0.02080962,0.13256380,0,Green
1823,-0.07580274,0.02085428,0.13249560,0,Green
1824,-0.07550599,0.02050371,0.13290860,0,Green
1825,-0.07550599,0.02017502,0.13328630,0,Green
1826,-0.07597292,0.01967143,0.13385120,0,Green
1827,-0.07643680,0.01953426,0.13399680,0,Green
1828,-0.07603533,0.01934553,0.13422780,0,Green
1829,-0.07679875,0.01928320,0.13427770,0,Green
1830,-0.07638480,0.01910553,0.13449610,0,Green
1831,-0.07627039,0.01878947,0.13486640,0,Green
1832,-0.07679868,0.01891758,0.13470460,0,Green
1833,-0.07647756,0.01849151,0.13521130,0,Green
1834,-0.07694464,0.01860582,0.13506950,0,Green
1835,-0.07723032,0.01833645,0.13538230,0,Green
1836,-0.07680076,0.01817341,0.13558040,0,Green
1837,-0.07723033,0.01800271,0.13577430,0,Green
1838,-0.07680077,0.01783966,0.13597240,0,Green
1839,-0.07723755,0.01768030,0.13615790,0,Green
1840,-0.07723337,0.01735761,0.13654250,0,Green
1841,-0.07734207,0.01704361,0.13691660,0,Green
1842,-0.07798588,0.01726386,0.13665120,0,Green
1843,-0.07782539,0.01695921,0.13701670,0,Green
1844,-0.07799395,0.01666154,0.13738250,0,Green
1845,-0.07830098,0.01641325,0.13768950,0,Green
1846,-0.07766385,0.01636987,0.13772790,0,Green
1847,-0.07777084,0.01605868,0.13810550,0,Green
1848,-0.07809601,0.01582004,0.13840130,0,Green
1849,-0.07820302,0.01550948,0.13877890,0,Green
1850,-0.07835616,0.01609599,0.13807410,0,Green
1851,-0.07857434,0.01573198,0.13851880,0,Green
1852,-0.07890581,0.01549694,0.13881040,0,Green
1853,-0.07895753,0.01448533,0.14007260,0,Green
1854,-0.07926781,0.01424239,0.14038290,0,Green
1855,-0.07863459,0.01480253,0.13966940,0,Green
1856,-0.07852694,0.01510694,0.13928740,0,Green
1857,-0.07913273,0.01478163,0.13970740,0,Green
1858,-0.07902507,0.01508604,0.13932540,0,Green
1859,-0.07973178,0.01413443,0.14053700,0,Green
1860,-0.07981477,0.01383347,0.14092980,0,Green
1861,-0.08012908,0.01360288,0.14124410,0,Green
1862,-0.08115058,0.01187417,0.14355360,0,Green
1863,-0.08115058,0.01157145,0.14395170,0,Green
1864,-0.08144657,0.01134807,0.14428820,0,Green
1865,-0.08179189,0.01112334,0.14463350,0,Green
1866,-0.07942400,0.01362605,0.14116540,0,Green
1867,-0.07949805,0.01332132,0.14155680,0,Green
1868,-0.07982180,0.01309550,0.14186570,0,Green
1869,-0.07982179,0.01278501,0.14225930,0,Green
1870,-0.08021746,0.01330102,0.14163300,0,Green
1871,-0.08025555,0.01295591,0.14207310,0,Green
1872,-0.08025319,0.01217336,0.14309480,0,Green
1873,-0.08057079,0.01194943,0.14341240,0,Green
1874,-0.08003791,0.01246941,0.14268980,0,Green
1875,-0.08074772,0.01223962,0.14304370,0,Green
1876,-0.08053669,0.01250673,0.14267700,0,Green
1877,-0.08067738,0.01280302,0.14229760,0,Green
1878,-0.08115059,0.01108848,0.14459910,0,Green
1879,-0.08115058,0.01078910,0.14500080,0,Green
1880,-0.08115059,0.01042125,0.14549440,0,Green
1881,-0.08154590,0.01063056,0.14526360,0,Green
1882,-0.08158864,0.01030496,0.14570590,0,Green
1883,-0.08196472,0.01081820,0.14506490,0,Green
1884,-0.08154242,0.01001119,0.14611060,0,Green
1885,-0.08186749,0.00980969,0.14643560,1,SecondColor
1886,-0.08234757,0.00975815,0.14657130,1,SecondColor
1887,-0.08219472,0.01004971,0.14614290,1,SecondColor
1888,-0.08079159,0.01128162,0.14430630,0,Green
1889,-0.08057717,0.01164226,0.14380960,0,Green
1890,-0.07942402,0.01068832,0.14495660,0,Green
1891,-0.07942402,0.01038442,0.14535680,0,Green
1892,-0.07968374,0.01013942,0.14570810,0,Green
1893,-0.07985619,0.01055958,0.14517370,0,Green
1894,-0.08011591,0.01031459,0.14552500,0,Green
1895,-0.08056512,0.01020667,0.14571660,0,Green
1896,-0.08025192,0.00995058,0.14603190,0,Green
1897,-0.08073879,0.00991156,0.14614130,0,Green
1898,-0.07769746,0.01099038,0.14441690,0,Green
1899,-0.07769745,0.01068369,0.14481410,0,Green
1900,-0.07793955,0.01042726,0.14516870,0,Green
1901,-0.07813068,0.01085763,0.14462930,0,Green
1902,-0.07837278,0.01060121,0.14498390,0,Green
1903,-0.07852781,0.01031718,0.14536620,0,Green
1904,-0.07895934,0.01048992,0.14518160,0,Green
1905,-0.07863107,0.01087350,0.14465090,0,Green
1906,-0.07906642,0.01385973,0.14085430,0,Green
1907,-0.07597301,0.01123355,0.14399430,0,Green
1908,-0.07628944,0.01100444,0.14431080,0,Green
1909,-0.07660587,0.01077533,0.14462720,0,Green
1910,-0.07712405,0.01063138,0.14484590,0,Green
1911,-0.07678426,0.01106766,0.14425980,0,Green
1912,-0.07727483,0.01114216,0.14419390,0,Green
1913,-0.07622205,0.01151229,0.14366080,0,Green
1914,-0.07553185,0.01157496,0.14355320,0,Green
1915,-0.07424431,0.01187696,0.14312260,0,Green
1916,-0.07424431,0.01156111,0.14351210,0,Green
1917,-0.07442959,0.01127252,0.14387640,0,Green
1918,-0.07467805,0.01172895,0.14332470,0,Green
1919,-0.07486334,0.01144036,0.14368900,0,Green
1920,-0.07519812,0.01121359,0.14398380,0,Green
1921,-0.07550693,0.01097053,0.14430790,0,Green
1922,-0.07294306,0.01220756,0.14269100,0,Green
1923,-0.07325258,0.01196119,0.14300050,0,Green
1924,-0.07356210,0.01171481,0.14331000,0,Green
1925,-0.07374740,0.01201123,0.14294780,0,Green
1926,-0.07112183,0.01281757,0.14193500,0,Green
1927,-0.07081628,0.01256129,0.14224050,0,Green
1928,-0.07138134,0.01254398,0.14226350,0,Green
1929,-0.07188152,0.01254917,0.14225930,0,Green
1930,-0.07251774,0.01203424,0.14288950,0,Green
1931,-0.07291892,0.01172007,0.14328430,0,Green
1932,-0.07378221,0.01143277,0.14366030,0,Green
1933,-0.07111674,0.01227419,0.14259120,0,Green
1934,-0.07162295,0.01201910,0.14290410,0,Green
1935,-0.07206194,0.01217226,0.14271930,0,Green
1936,-0.07234760,0.01243348,0.14240220,0,Green
1937,-0.05048043,-0.00444523,0.17161950,0,Green
1938,-0.05007259,-0.00442214,0.17190950,0,Green
1939,-0.04961110,-0.00431762,0.17207870,0,Green
1940,-0.04925543,-0.00432024,0.17243430,0,Green
1941,-0.04886150,-0.00432314,0.17282830,0,Green
1942,-0.05095384,-0.00423233,0.17073590,0,Green
1943,-0.05060088,-0.00426509,0.17108890,0,Green
1944,-0.05134501,-0.00422381,0.17041220,0,Green
1945,-0.05106174,-0.00444749,0.17117430,0,Green
1946,-0.05144617,-0.00443774,0.17085280,0,Green
1947,-0.05285225,-0.00444537,0.16989290,0,Green
1948,-0.05236864,-0.00431188,0.16989290,0,Green
1949,-0.05306920,-0.00466734,0.17028610,0,Green
1950,-0.05256751,-0.00453258,0.17029520,0,Green
1951,-0.05208389,-0.00440282,0.17030420,0,Green
1952,-0.05229406,-0.00462571,0.17070420,0,Green
1953,-0.04954896,-0.00412877,0.17161950,0,Green
1954,-0.04905469,-0.00410209,0.17203020,0,Green
1955,-0.04858299,-0.00397362,0.17213860,0,Green
1956,-0.04834827,-0.00404828,0.17257410,0,Green
1957,-0.04789306,-0.00392954,0.17274510,0,Green
1958,-0.04790427,-0.00410416,0.17321370,0,Green
1959,-0.04659704,-0.00363796,0.17336620,0,Green
1960,-0.04624322,-0.00359580,0.17372000,0,Green
1961,-0.04588940,-0.00355363,0.17407380,0,Green
1962,-0.04553557,-0.00351147,0.17442760,0,Green
1963,-0.04518175,-0.00346931,0.17478140,0,Green
1964,-0.04632384,-0.00377768,0.17417910,0,Green
1965,-0.04594986,-0.00374384,0.17458660,0,Green
1966,-0.05014019,-0.00419617,0.17127460,0,Green
1967,-0.05317768,-0.00433067,0.16944160,1,SecondColor
1968,-0.05333934,-0.00456260,0.16985470,1,SecondColor
1969,-0.04543846,-0.00332746,0.17397240,0,Green
1970,-0.04506127,-0.00326569,0.17429570,0,Green
1971,-0.05697450,0.01781769,0.13709010,0,Green
1972,-0.05666265,0.01757688,0.13740190,0,Green
1973,-0.05641414,0.01787828,0.13708800,0,Green
1974,-0.05591582,0.01793055,0.13708800,0,Green
1975,-0.05460848,0.01903745,0.13600300,0,Green
1976,-0.05429699,0.01879709,0.13631450,0,Green
1977,-0.05479000,0.01871624,0.13634130,0,Green
1978,-0.05479619,0.01838238,0.13671670,0,Green
1979,-0.05524794,0.01855524,0.13646300,0,Green
1980,-0.05524794,0.01821294,0.13684870,0,Green
1981,-0.05339126,0.01961874,0.13549360,0,Green
1982,-0.05307735,0.01938235,0.13580750,0,Green
1983,-0.05296376,0.01906801,0.13618140,0,Green
1984,-0.05352138,0.01920102,0.13595000,0,Green
1985,-0.05414790,0.01927656,0.13578740,0,Green
1986,-0.05590313,0.01851551,0.13643490,0,Green
1987,-0.05615037,0.01821156,0.13674600,0,Green
1988,-0.05667988,0.01814497,0.13675840,0,Green
1989,-0.05179481,0.01991734,0.13536350,0,Green
1990,-0.05148014,0.01968667,0.13567820,0,Green
1991,-0.05285189,0.01979630,0.13536140,0,Green
1992,-0.05235444,0.01985409,0.13536150,0,Green
1993,-0.05204768,0.01961588,0.13567650,0,Green
1994,-0.05257415,0.01954211,0.13569100,0,Green
1995,-0.05123590,0.01998864,0.13536150,0,Green
1996,-0.05212487,0.02017198,0.13503350,0,Green
1997,-0.05083125,0.02070692,0.13460050,0,Green
1998,-0.05051902,0.02047166,0.13491270,0,Green
1999,-0.05020679,0.02023639,0.13522500,0,Green
2000,-0.05101321,0.02038660,0.13493960,0,Green
2001,-0.05070098,0.02015134,0.13525190,0,Green
2002,-0.05151153,0.02033733,0.13492520,0,Green
2003,-0.05036464,0.02085247,0.13449300,0,Green
2004,-0.04953556,0.02123616,0.13416970,0,Green
2005,-0.04922051,0.02100501,0.13448470,0,Green
2006,-0.04971381,0.02091649,0.13451160,0,Green
2007,-0.04951069,0.02063286,0.13487020,0,Green
2008,-0.05000814,0.02062994,0.13479770,0,Green
2009,-0.04864539,0.02170866,0.13373890,0,Green
2010,-0.04906974,0.02138365,0.13406140,0,Green
2011,-0.04834583,0.02146938,0.13406140,0,Green
2012,-0.04868075,0.02120637,0.13432340,0,Green
2013,-0.04878060,0.02088080,0.13469160,0,Green
2014,-0.04789290,0.02137189,0.13424990,0,Green
2015,-0.04705298,0.02236772,0.13319910,0,Green
2016,-0.04673756,0.02213592,0.13351450,0,Green
2017,-0.04722938,0.02204987,0.13354360,0,Green
2018,-0.04772742,0.02200583,0.13352280,0,Green
2019,-0.04811828,0.02177544,0.13373720,0,Green
2020,-0.04691574,0.02182176,0.13386040,0,Green
2021,-0.04747108,0.02174753,0.13386660,0,Green
2022,-0.04642118,0.02191224,0.13383090,0,Green
2023,-0.04575912,0.02289137,0.13276640,0,Green
2024,-0.04544255,0.02266538,0.13308300,0,Green
2025,-0.04512598,0.02243938,0.13339960,0,Green
2026,-0.04593407,0.02257529,0.13311420,0,Green
2027,-0.04561749,0.02234930,0.13343080,0,Green
2028,-0.04610901,0.02225921,0.13346200,0,Green
2029,-0.04518572,0.02295595,0.13276640,0,Green
2030,-0.04316825,0.02390183,0.13190420,0,Green
2031,-0.04446370,0.02340303,0.13233530,0,Green
2032,-0.04414560,0.02318304,0.13265340,0,Green
2033,-0.04411839,0.02286674,0.13304060,0,Green
2034,-0.04463949,0.02309049,0.13268480,0,Green
2035,-0.04461020,0.02277447,0.13307190,0,Green
2036,-0.04379286,0.02374260,0.13201140,0,Green
2037,-0.04337437,0.02360096,0.13224690,0,Green
2038,-0.04368141,0.02333088,0.13253710,0,Green
2039,-0.04316828,0.02332934,0.13261290,0,Green
2040,-0.04187230,0.02440685,0.13147360,0,Green
2041,-0.04155303,0.02418550,0.13179280,0,Green
2042,-0.04204454,0.02409768,0.13182850,0,Green
2043,-0.04245202,0.02425042,0.13158070,0,Green
2044,-0.04147128,0.02461738,0.13125830,0,Green
2045,-0.04284690,0.02368698,0.13222550,0,Green
2046,-0.04239272,0.02384969,0.13208800,0,Green
2047,-0.04185594,0.02382401,0.13220210,0,Green
2048,-0.04057845,0.02489853,0.13104090,0,Green
2049,-0.04025762,0.02468361,0.13136170,0,Green
2050,-0.04074942,0.02459312,0.13139970,0,Green
2051,-0.04066709,0.02429205,0.13179230,0,Green
2052,-0.03980226,0.02530869,0.13061080,0,Green
2053,-0.04012506,0.02505498,0.13089750,0,Green
2054,-0.03971307,0.02490836,0.13114170,0,Green
2055,-0.03928249,0.02537218,0.13061030,0,Green
2056,-0.03896008,0.02516412,0.13093270,0,Green
2057,-0.03882952,0.02561961,0.13034190,0,Green
2058,-0.03811243,0.02555603,0.13052540,0,Green
2059,-0.03855421,0.02538765,0.13068980,0,Green
2060,-0.03761349,0.02559642,0.13055270,0,Green
2061,-0.04411758,-0.00296268,0.17472720,0,Green
2062,-0.04457205,-0.00314266,0.17461810,0,Green
2063,-0.04467899,-0.00333352,0.17506810,0,Green
2064,-0.04379334,-0.00292666,0.17510620,0,Green
2065,-0.04422778,-0.00315648,0.17520020,0,Green
2066,-0.04334770,-0.00275935,0.17526510,0,Green
2067,-0.04389186,-0.00309665,0.17556750,0,Green
2068,-0.04344623,-0.00292934,0.17572650,0,Green
2069,-0.04316631,-0.00290848,0.17614080,0,Green
2070,-0.04231972,-0.00241643,0.17591240,0,Green
2071,-0.04188753,-0.00231219,0.17634460,0,Green
2072,-0.04143973,-0.00211587,0.17645380,0,Green
2073,-0.04282365,-0.00258684,0.17559090,0,Green
2074,-0.04232526,-0.00254888,0.17639640,0,Green
2075,-0.04272353,-0.00266580,0.17607600,0,Green
2076,-0.04077345,-0.00184122,0.17677700,0,Green
2077,-0.04170777,-0.00234481,0.17681030,0,Green
2078,-0.04119530,-0.00209397,0.17689020,0,Green
2079,-0.04052201,-0.00180014,0.17720800,0,Green
2080,-0.04012647,-0.00164440,0.17747240,0,Green
2081,-0.04053756,-0.00191411,0.17769460,0,Green
2082,-0.03971317,-0.00146991,0.17769460,0,Green
2083,-0.04014203,-0.00175837,0.17795900,0,Green
2084,-0.03972872,-0.00158389,0.17818120,0,Green
2085,-0.04094104,-0.00205039,0.17732000,0,Green
2086,-0.04138210,-0.00228894,0.17731110,0,Green
2087,-0.03818504,-0.00076841,0.17850140,0,Green
2088,-0.03854446,-0.00090475,0.17817950,0,Green
2089,-0.03926332,-0.00122335,0.17774730,0,Green
2090,-0.03898107,-0.00114995,0.17815520,0,Green
2091,-0.03932505,-0.00140374,0.17841540,0,Green
2092,-0.03874362,-0.00110594,0.17859430,0,Green
2093,-0.03838946,-0.00095889,0.17891750,0,Green
2094,-0.03798659,-0.00076700,0.17914320,0,Green
2095,-0.03775563,-0.00053518,0.17860920,0,Green
2096,-0.03740812,-0.00038118,0.17893470,0,Green
2097,-0.03710680,-0.00026448,0.17931750,0,Green
2098,-0.03667571,-0.00001387,0.17936580,0,Green
2099,-0.03627321,0.00019157,0.17958140,0,Green
2100,-0.03664492,-0.00007833,0.17986070,0,Green
2101,-0.03626002,0.00010917,0.18012020,0,Green
2102,-0.03707497,-0.00033072,0.17981290,0,Green
2103,-0.03752528,-0.00053160,0.17939770,0,Green
2104,-0.03598647,0.00022549,0.18052350,0,Green
2105,-0.03564651,0.00047430,0.18025220,0,Green
2106,-0.03522363,0.00074120,0.18025220,0,Green
2107,-0.03494975,0.00086348,0.18065320,0,Green
2108,-0.03537920,0.00058608,0.18070360,0,Green
2109,-0.03453345,0.00111020,0.18078020,0,Green
2110,-0.03481171,0.00089008,0.18113300,0,Green
2111,0.02588916,0.02890324,0.12154920,0,Green
2112,0.02444608,0.02849473,0.12009690,0,Green
2113,0.02479464,0.02859264,0.12044540,0,Green
2114,0.02514321,0.02869055,0.12079400,0,Green
2115,0.02549177,0.02878846,0.12114260,0,Green
2116,0.02623911,0.02901519,0.12188990,0,Green
2117,0.02658442,0.02912917,0.12223520,0,Green
2118,0.02484537,0.02836617,0.11982260,0,Green
2119,0.02524577,0.02849022,0.12025540,0,Green
2120,0.02569708,0.02853260,0.12047070,0,Green
2121,0.02657475,0.02886818,0.12154920,0,Green
2122,0.02706409,0.02888449,0.12165770,0,Green
2123,0.02739648,0.02900300,0.12201320,0,Green
2124,0.02706871,0.02915267,0.12236170,0,Green
2125,0.02762038,0.02915259,0.12243560,0,Green
2126,0.02729261,0.02930225,0.12278410,0,Green
2127,0.02762269,0.02942176,0.12314190,0,Green
2128,0.02636426,0.02872480,0.12111810,0,Green
2129,0.02810319,0.02945960,0.12327570,0,Green
2130,0.02860438,0.02944583,0.12327570,0,Green
2131,0.02890325,0.02958883,0.12365050,0,Green
2132,0.02835838,0.02961492,0.12367810,0,Green
2133,0.02934926,0.02966284,0.12386430,0,Green
2134,0.02869404,0.02976433,0.12407120,0,Green
2135,0.02914005,0.02983835,0.12428500,0,Green
2136,0.02934466,0.03000434,0.12471030,0,Green
2137,0.02836825,0.02928770,0.12284410,0,Green
2138,0.02966464,0.03016202,0.12510590,0,Green
2139,0.03020333,0.03037717,0.12564690,0,Green
2140,0.03020333,0.03018973,0.12518190,0,Green
2141,0.03063842,0.03028295,0.12541900,0,Green
2142,0.02976998,0.02976256,0.12411720,0,Green
2143,0.03020220,0.02994296,0.12457010,0,Green
2144,0.03077316,0.03047251,0.12586220,0,Green
2145,0.03106666,0.03063455,0.12623360,0,Green
2146,0.03112398,0.03033701,0.12553200,0,Green
2147,0.03141747,0.03049396,0.12590570,0,Green
2148,0.04994174,0.01194892,0.09034248,0,Green
2149,0.05004968,0.01148566,0.08918932,0,Green
2150,0.05004968,0.01166641,0.08965707,0,Green
2151,0.04972683,0.01259284,0.09185413,0,Green
2152,0.05005888,0.01211302,0.09080035,0,Green
2153,0.04983477,0.01231161,0.09120284,0,Green
2154,0.04975972,0.01332573,0.09361357,1,SecondColor
2155,0.05006803,0.01268334,0.09220901,0,Green
2156,0.04972591,0.01286855,0.09252376,0,Green
2157,0.05006575,0.01296717,0.09287728,0,Green
2158,0.04961871,0.01310921,0.09305291,0,Green
2159,0.05054621,0.01143087,0.08922040,0,Green
2160,0.05080370,0.01155557,0.08963192,0,Green
2161,0.05060368,0.01174392,0.09005034,0,Green
2162,0.05070858,0.01122823,0.08876056,0,Green
2163,0.05048074,0.01216615,0.09106492,0,Green
2164,0.05048074,0.01235500,0.09153038,0,Green
2165,0.05042295,0.01193346,0.09047793,0,Green
2166,0.05105464,0.01297566,0.09318194,0,Green
2167,0.05140178,0.01308059,0.09352908,0,Green
2168,0.05091989,0.01317811,0.09362043,0,Green
2169,0.05055676,0.01308192,0.09328927,0,Green
2170,0.05048139,0.01331588,0.09381911,0,Green
2171,0.05177635,0.01274372,0.09285676,0,Green
2172,0.05234956,0.01264062,0.09275030,0,Green
2173,0.05269441,0.01275475,0.09309515,0,Green
2174,0.05221024,0.01284195,0.09318650,0,Green
2175,0.05350288,0.01238010,0.09242599,0,Green
2176,0.05282916,0.01254326,0.09264067,0,Green
2177,0.05329049,0.01257980,0.09283479,0,Green
2178,0.05316259,0.01278364,0.09327329,0,Green
2179,0.05493816,0.01203703,0.09188578,0,Green
2180,0.05445665,0.01211995,0.09199355,0,Green
2181,0.05395736,0.01243463,0.09263153,0,Green
2182,0.05524771,0.01216833,0.09225699,0,Green
2183,0.05476584,0.01225352,0.09236433,0,Green
2184,0.05445067,0.01243166,0.09271375,0,Green
2185,0.05623366,0.01177729,0.09145471,0,Green
2186,0.05657759,0.01190308,0.09179865,0,Green
2187,0.05608691,0.01196898,0.09189266,0,Green
2188,0.05559852,0.01194720,0.09177802,0,Green
2189,0.05673841,0.01170367,0.09134807,0,Green
2190,0.05565652,0.01226633,0.09252876,0,Green
2191,0.05752916,0.01153688,0.09102364,0,Green
2192,0.05787080,0.01167112,0.09136529,0,Green
2193,0.05738241,0.01172715,0.09146389,0,Green
2194,0.05770571,0.01186774,0.09181929,0,Green
2195,0.05868020,0.01136378,0.09070034,0,Green
2196,0.05803360,0.01147541,0.09091588,0,Green
2197,0.05848530,0.01154883,0.09112224,0,Green
2198,0.06019059,0.01115898,0.09023196,0,Green
2199,0.05913189,0.01144516,0.09089983,0,Green
2200,0.05900350,0.01163460,0.09134465,0,Green
2201,0.05943457,0.01126669,0.09048481,0,Green
2202,0.05991378,0.01131997,0.09061781,0,Green
2203,0.06042510,0.01132625,0.09064073,0,Green
2204,0.05954004,0.01155644,0.09116810,0,Green
2205,0.06068487,0.01113255,0.09016070,0,Green
2206,0.06089285,0.01140425,0.09080582,0,Green
2207,0.06123909,0.01126782,0.09047105,0,Green
2208,0.06173894,0.01128118,0.09048252,0,Green
2209,0.06126883,0.01101102,0.08983653,0,Green
2210,0.06175622,0.01097548,0.08972847,0,Green
2211,0.06203900,0.01113501,0.09011012,0,Green
2212,0.06224361,0.01094200,0.08962043,0,Green
2213,0.06252639,0.01110724,0.08999976,0,Green
2214,0.06282067,0.01096536,0.08962043,0,Green
2215,0.06318621,0.01084966,0.08929856,0,Green
2216,0.06385753,0.01074528,0.08897440,0,Green
2217,0.06329886,0.01103666,0.08974917,0,Green
2218,0.06367130,0.01091376,0.08940892,0,Green
2219,0.06411272,0.01102145,0.08961812,0,Green
2220,0.06429894,0.01085733,0.08918361,0,Green
2221,0.06461160,0.01072728,0.08881347,0,Green
2222,0.06464378,0.01101226,0.08951237,0,Green
2223,0.06495646,0.01088220,0.08914223,0,Green
2224,0.06522314,0.01073807,0.08874450,0,Green
2225,0.06560706,0.01064399,0.08843561,0,Green
2226,0.06545534,0.01091716,0.08915143,0,Green
2227,0.06583896,0.01082195,0.08884322,0,Green
2228,0.06626143,0.01095341,0.08907970,0,Green
2229,0.06661730,0.01084854,0.08874450,0,Green
2230,0.06610729,0.01068720,0.08843561,0,Green
2231,0.06687721,0.01062898,0.08811058,0,Green
2232,0.06707084,0.01080809,0.08853704,0,Green
2233,0.06736586,0.01063046,0.08800323,0,Green
2234,0.06755923,0.01081392,0.08842911,0,Green
2235,0.06785390,0.01064244,0.08789503,0,Green
2236,0.06822915,0.01056048,0.08757275,0,Green
2237,0.06881815,0.01058317,0.08746514,0,Green
2238,0.06832485,0.01074450,0.08802991,0,Green
2239,0.06805745,0.01086966,0.08843561,0,Green
2240,0.06881584,0.01076012,0.08793309,0,Green
2241,0.06924897,0.01071686,0.08768554,0,Green
2242,0.06944694,0.01057694,0.08724814,0,Green
2243,0.06968407,0.01085183,0.08789273,0,Green
2244,0.06988204,0.01071191,0.08745533,0,Green
2245,0.07022045,0.01062074,0.08709852,0,Green
2246,0.07071539,0.01066323,0.08704096,0,Green
2247,0.07108451,0.01059950,0.08670864,0,Green
2248,0.07251792,0.01092108,0.08701102,0,Green
2249,0.07251792,0.01075483,0.08653847,0,Green
2250,0.07284986,0.01068255,0.08616965,0,Green
2251,0.07334317,0.01077364,0.08618578,0,Green
2252,0.07157155,0.01063446,0.08660015,0,Green
2253,0.07205398,0.01063133,0.08638549,0,Green
2254,0.07179084,0.01081273,0.08701333,0,Green
2255,0.07091320,0.01084936,0.08746164,0,Green
2256,0.07128334,0.01078056,0.08713059,0,Green
2257,0.07032634,0.01084145,0.08764640,0,Green
2258,0.07370667,0.01071673,0.08584537,0,Green
2259,0.07303498,0.01086485,0.08659784,0,Green
2260,0.07419372,0.01076221,0.08573919,0,Green
2261,0.07381516,0.01089409,0.08630238,0,Green
2262,0.07425830,0.01103497,0.08649076,0,Green
2263,0.07452073,0.01094040,0.08607408,0,Green
2264,0.07464504,0.01077286,0.08552388,0,Green
2265,0.07497194,0.01095175,0.08585768,0,Green
2266,0.07517683,0.01083732,0.08541569,0,Green
2267,0.07546228,0.01102187,0.08578862,0,Green
2268,0.07566257,0.01089374,0.08530980,0,Green
2269,0.07637038,0.01093164,0.08498208,0,Green
2270,0.07685511,0.01099951,0.08487590,0,Green
2271,0.07766300,0.01106596,0.08455275,0,Green
2272,0.07733753,0.01111919,0.08493361,0,Green
2273,0.07764453,0.01129634,0.08528676,0,Green
2274,0.07796732,0.01124867,0.08490641,0,Green
2275,0.07814711,0.01114468,0.08445000,0,Green
2276,0.07594800,0.01107521,0.08567864,0,Green
2277,0.07639693,0.01109291,0.08545712,0,Green
2278,0.07684354,0.01124516,0.08562747,0,Green
2279,0.03191400,0.03052153,0.12597290,0,Green
2280,0.03155087,0.03068345,0.12634970,0,Green
2281,0.03204646,0.03071919,0.12641370,0,Green
2282,0.03253519,0.03077002,0.12651190,0,Green
2283,0.03192879,0.03099211,0.12704760,0,Green
2284,0.03242177,0.03096547,0.12696730,0,Green
2285,0.03280697,0.03134664,0.12780450,0,Green
2286,0.03280697,0.03114339,0.12734550,0,Green
2287,0.03325003,0.03125784,0.12758990,0,Green
2288,0.03453352,0.03168879,0.12844860,0,Green
2289,0.03322552,0.03146285,0.12805280,0,Green
2290,0.03375100,0.03126700,0.12759100,0,Green
2291,0.03372597,0.03147624,0.12804590,0,Green
2292,0.03345982,0.03165440,0.12845090,0,Green
2293,0.03396028,0.03166778,0.12844400,0,Green
2294,0.03408590,0.03187150,0.12889620,0,Green
2295,0.03453353,0.03213594,0.12942120,0,Green
2296,0.03457908,0.03192900,0.12896790,0,Green
2297,0.03488203,0.03229557,0.12974460,0,Green
2298,0.03498909,0.03206123,0.12922760,0,Green
2299,0.00787630,0.03228123,0.15509220,1,SecondColor
2300,0.00863508,0.03271915,0.15607360,0,Green
2301,0.00873745,0.03271108,0.15520000,0,Green
2302,0.00898312,0.03279773,0.15477240,0,Green
2303,0.00920833,0.03292923,0.15520010,0,Green
2304,0.00945401,0.03301587,0.15477240,0,Green
2305,0.00989986,0.03321564,0.15466550,0,Green
2306,0.00822829,0.03243495,0.15477190,1,SecondColor
2307,0.00819891,0.03247523,0.15563520,0,Green
2308,0.00819891,0.03252011,0.15650980,0,Green
2309,-0.03358077,0.00168569,0.18119830,0,Green
2310,-0.03322325,0.00188483,0.18148610,0,Green
2311,-0.03284829,0.00209960,0.18173900,0,Green
2312,-0.03408710,0.00139258,0.18087490,0,Green
2313,-0.03359286,0.00161527,0.18169350,0,Green
2314,-0.03396735,0.00141031,0.18136040,0,Green
2315,-0.03438320,0.00114923,0.18125590,0,Green
2316,-0.03403920,0.00130196,0.18184380,0,Green
2317,-0.03225228,0.00247820,0.18195490,0,Green
2318,-0.03322107,0.00182419,0.18198310,0,Green
2319,-0.03285047,0.00204611,0.18223820,0,Green
2320,-0.03192839,0.00267020,0.18228460,0,Green
2321,-0.03234269,0.00237527,0.18243640,0,Green
2322,-0.03154448,0.00291413,0.18249280,0,Green
2323,-0.03116273,0.00315584,0.18270970,0,Green
2324,-0.03201082,0.00257332,0.18276830,0,Green
2325,-0.03162690,0.00281724,0.18297650,0,Green
2326,-0.03124515,0.00305896,0.18319340,0,Green
2327,-0.03268121,0.00211977,0.18270450,0,Green
2328,-0.02955660,0.00420406,0.18367940,0,Green
2329,-0.03031197,0.00370808,0.18324770,0,Green
2330,-0.02996666,0.00391507,0.18367940,0,Green
2331,-0.03074361,0.00343115,0.18292400,0,Green
2332,-0.03068965,0.00342718,0.18342260,0,Green
2333,-0.03037024,0.00362611,0.18375280,0,Green
2334,-0.02975300,0.00404271,0.18411320,0,Green
2335,-0.02935373,0.00431781,0.18423620,0,Green
2336,-0.02894089,0.00462359,0.18411170,0,Green
2337,-0.02856892,0.00488202,0.18432670,0,Green
2338,-0.02819694,0.00514046,0.18454170,0,Green
2339,-0.02798193,0.00527492,0.18497390,0,Green
2340,-0.02762716,0.00551894,0.18522970,0,Green
2341,-0.02852480,0.00488893,0.18482630,0,Green
2342,-0.02889631,0.00463040,0.18461150,0,Green
2343,-0.02831005,0.00502265,0.18525790,0,Green
2344,-0.02928715,0.00434075,0.18473180,0,Green
2345,-0.02664298,0.00624016,0.18540620,0,Green
2346,-0.02718213,0.00585612,0.18508100,0,Green
2347,-0.02702735,0.00595160,0.18554750,0,Green
2348,-0.02632045,0.00647249,0.18571030,0,Green
2349,-0.02673174,0.00616379,0.18589240,0,Green
2350,-0.02596271,0.00673297,0.18594600,0,Green
2351,-0.02641041,0.00639583,0.18619870,0,Green
2352,-0.02605268,0.00665635,0.18643220,0,Green
2353,-0.02741748,0.00565992,0.18566290,0,Green
2354,-0.02711581,0.00587595,0.18603520,0,Green
2355,-0.02502342,0.00741932,0.18734410,0,Green
2356,-0.02466488,0.00769174,0.18756180,0,Green
2357,-0.02442799,0.00786934,0.18715840,0,Green
2358,-0.02463073,0.00772512,0.18669960,0,Green
2359,-0.02502556,0.00743274,0.18637730,0,Green
2360,-0.02545667,0.00711294,0.18605290,0,Green
2361,-0.02539904,0.00714644,0.18655020,0,Green
2362,-0.02419322,0.00804874,0.18756180,0,Green
2363,-0.02395712,0.00822852,0.18715840,0,Green
2364,-0.02394437,0.00824176,0.18799190,0,Green
2365,-0.02372961,0.00840531,0.18757090,0,Green
2366,-0.02351485,0.00857232,0.18799190,0,Green
2367,-0.02331073,0.00872766,0.18756240,0,Green
2368,-0.02292374,0.00902593,0.18767080,0,Green
2369,-0.02312786,0.00887053,0.18810030,0,Green
2370,-0.02262180,0.00925945,0.18799400,0,Green
2371,-0.02282593,0.00910405,0.18842350,0,Green
2372,-0.02244744,0.00939580,0.18857240,0,Green
2373,-0.02224382,0.00955303,0.18814260,0,Green
2374,-0.02200413,0.00975012,0.18917980,0,Green
2375,-0.02168173,0.00999420,0.18888490,0,Green
2376,-0.02157143,0.01009563,0.18950220,0,Green
2377,-0.02132751,0.01027592,0.18910340,0,Green
2378,-0.02096904,0.01055008,0.18888710,0,Green
2379,-0.02191929,0.00980733,0.18842680,0,Green
2380,-0.02139962,0.01021298,0.18853280,0,Green
2381,-0.02100510,0.01053402,0.18938550,0,Green
2382,-0.02071453,0.01076790,0.18971860,0,Green
2383,-0.02050717,0.01092149,0.18928910,0,Green
2384,-0.02041830,0.01100905,0.19004230,0,Green
2385,-0.02021094,0.01116264,0.18961280,0,Green
2386,0.00863056,0.03274978,0.15661610,0,Green
2387,0.00830641,0.03260485,0.15699210,0,Green
2388,0.00862155,0.03278858,0.15733420,0,Green
2389,0.00863057,0.03282334,0.15783380,0,Green
2390,0.00863057,0.03285199,0.15833320,0,Green
2391,0.00894056,0.03292190,0.15697200,0,Green
2392,0.00966241,0.03314374,0.15520920,0,Green
2393,0.01033674,0.03343388,0.15477470,0,Green
2394,0.01011272,0.03336314,0.15521820,0,Green
2395,0.00873875,0.03296942,0.15942310,0,Green
2396,0.00873875,0.03294071,0.15892270,0,Green
2397,0.00901824,0.03303361,0.15807290,0,Green
2398,0.00906332,0.03308491,0.15856880,0,Green
2399,0.00905656,0.03300868,0.15745080,0,Green
2400,0.01045959,0.03355461,0.15552460,0,Green
2401,0.01068509,0.03361893,0.15508270,0,Green
2402,0.01091515,0.03376072,0.15552010,0,Green
2403,0.01110876,0.03379379,0.15488230,0,Green
2404,0.00884610,0.03305680,0.15994660,0,Green
2405,0.00906164,0.03321709,0.16081100,0,Green
2406,0.00913798,0.03323055,0.16031480,0,Green
2407,0.00915594,0.03320039,0.15958060,0,Green
2408,0.00944782,0.03337414,0.15994890,0,Green
2409,0.00916717,0.03316647,0.15905300,0,Green
2410,0.01156479,0.03400042,0.15487950,0,Green
2411,0.01133821,0.03394027,0.15532130,0,Green
2412,0.01200210,0.03421984,0.15498830,0,Green
2413,0.01177551,0.03415971,0.15543010,0,Green
2414,0.01218160,0.03437121,0.15563170,0,Green
2415,0.01241166,0.03442561,0.15518980,0,Green
2416,0.01285127,0.03463331,0.15531050,0,Green
2417,0.01337689,0.03484960,0.15509570,0,Green
2418,0.01322261,0.03483962,0.15557450,0,Green
2419,0.01381023,0.03506682,0.15522050,0,Green
2420,0.01365595,0.03505684,0.15569920,0,Green
2421,0.01410216,0.03526591,0.15578620,0,Green
2422,0.01425953,0.03527256,0.15530950,0,Green
2423,0.03548792,0.03257953,0.13028450,0,Green
2424,0.03592070,0.03270597,0.13051450,0,Green
2425,0.03547961,0.03211842,0.12931530,0,Green
2426,0.03538205,0.03232598,0.12976000,0,Green
2427,0.03588346,0.03234416,0.12974630,0,Green
2428,0.03616706,0.03253363,0.13011390,0,Green
2429,0.03624419,0.03288740,0.13085130,0,Green
2430,0.03649149,0.03271070,0.13045420,0,Green
2431,0.03667527,0.03309942,0.13125510,0,Green
2432,0.03678871,0.03289468,0.13081270,0,Green
2433,0.03753741,0.03356933,0.13211730,0,Green
2434,0.03721149,0.03302626,0.13104520,0,Green
2435,0.03710753,0.03323735,0.13148820,0,Green
2436,0.03769511,0.03310789,0.13114920,0,Green
2437,0.03759115,0.03331897,0.13159210,0,Green
2438,0.03796855,0.03348273,0.13187690,0,Green
2439,0.07863581,0.01125529,0.08444308,0,Green
2440,0.07901847,0.01124071,0.08412036,0,Green
2441,0.07845601,0.01135795,0.08489949,0,Green
2442,0.07908992,0.01140475,0.08459061,0,Green
2443,0.07947252,0.01139093,0.08426695,0,Green
2444,0.07953237,0.01156211,0.08476420,0,Green
2445,0.07982244,0.01136569,0.08391013,0,Green
2446,0.07991453,0.01155500,0.08443961,0,Green
2447,0.08026443,0.01152976,0.08408278,0,Green
2448,0.08057062,0.01148208,0.08368912,0,Green
2449,0.08105174,0.01156831,0.08358324,0,Green
2450,0.08074503,0.01166157,0.08412497,0,Green
2451,0.08124039,0.01174865,0.08401082,0,Green
2452,0.08153467,0.01170199,0.08360849,0,Green
2453,0.08176687,0.01188764,0.08401082,0,Green
2454,0.08196907,0.01174594,0.08336427,0,Green
2455,0.08327325,0.01204053,0.08316195,0,Green
2456,0.08359554,0.01202311,0.08277980,0,Green
2457,0.08401144,0.01206167,0.08250214,0,Green
2458,0.08449091,0.01216500,0.08239380,0,Green
2459,0.08374636,0.01219097,0.08322827,0,Green
2460,0.08416127,0.01222858,0.08294934,0,Green
2461,0.08459926,0.01239904,0.08312222,0,Green
2462,0.08484985,0.01235310,0.08269118,0,Green
2463,0.08514412,0.01232762,0.08228656,0,Green
2464,0.08533035,0.01250345,0.08271647,0,Green
2465,0.08553725,0.01235863,0.08197849,0,Green
2466,0.08572347,0.01253447,0.08240841,0,Green
2467,0.08601546,0.01250766,0.08200148,0,Green
2468,0.08620150,0.01268102,0.08243219,0,Green
2469,0.08648425,0.01260946,0.08185890,0,Green
2470,0.08667021,0.01284301,0.08249948,0,Green
2471,0.08690441,0.01279503,0.08205866,0,Green
2472,0.08734753,0.01287316,0.08184054,0,Green
2473,0.08766667,0.01306443,0.08217575,0,Green
2474,0.08803632,0.01308695,0.08183824,0,Green
2475,0.08694048,0.01266872,0.08153208,0,Green
2476,0.08762419,0.01285433,0.08142388,0,Green
2477,0.08831413,0.01307336,0.08142268,0,Green
2478,0.08879036,0.01322870,0.08142443,0,Green
2479,0.08931455,0.01329182,0.08099221,1,SecondColor
2480,0.08974216,0.01347550,0.08117613,1,SecondColor
2481,0.08851098,0.01324399,0.08185200,0,Green
2482,0.03798664,0.03370684,0.13233390,0,Green
2483,0.03840074,0.03399403,0.13287250,0,Green
2484,0.03847315,0.03377987,0.13242440,0,Green
2485,0.03886689,0.03393786,0.13270050,0,Green
2486,0.03892798,0.03371089,0.13222760,0,Green
2487,0.03971319,0.03446722,0.13362830,0,Green
2488,0.03971319,0.03424239,0.13318140,0,Green
2489,0.03873721,0.03417642,0.13319550,0,Green
2490,0.03935706,0.03400853,0.13276950,0,Green
2491,0.03926464,0.03431459,0.13339160,0,Green
2492,0.04021227,0.03450326,0.13363060,0,Green
2493,0.03980347,0.03474243,0.13416770,0,Green
2494,0.04023455,0.03493343,0.13449050,0,Green
2495,0.04036545,0.03472548,0.13405490,0,Green
2496,0.04079201,0.03486555,0.13427600,0,Green
2497,0.04143975,0.03547318,0.13535490,0,Green
2498,0.04158382,0.03526209,0.13492490,0,Green
2499,0.04066538,0.03507790,0.13471110,0,Green
2500,0.04121689,0.03501356,0.13449500,0,Green
2501,0.04108408,0.03522974,0.13493840,0,Green
2502,0.04206391,0.03535308,0.13503380,0,Green
2503,0.04163811,0.03570701,0.13578540,0,Green
2504,0.04196944,0.03589746,0.13611000,0,Green
2505,0.04201227,0.03557969,0.13547660,0,Green
2506,0.04234361,0.03577015,0.13580120,0,Green
2507,0.01554134,0.03595924,0.15606440,0,Green
2508,0.01554134,0.03588519,0.15556890,0,Green
2509,0.01595015,0.03601911,0.15531310,0,Green
2510,0.01471775,0.03547373,0.15531130,0,Green
2511,0.01455893,0.03547265,0.15578550,0,Green
2512,0.01508303,0.03567987,0.15558350,0,Green
2513,0.01726791,0.03672257,0.15607360,0,Green
2514,0.01750770,0.03674639,0.15563510,0,Green
2515,0.01595025,0.03609594,0.15580780,0,Green
2516,0.01639325,0.03622555,0.15541930,0,Green
2517,0.01639098,0.03630860,0.15591460,0,Green
2518,0.01679081,0.03643804,0.15563740,0,Green
2519,0.01899447,0.03746367,0.15607360,0,Green
2520,0.01796988,0.03694087,0.15563510,0,Green
2521,0.01772907,0.03692051,0.15607360,0,Green
2522,0.01841060,0.03715073,0.15574420,0,Green
2523,0.02072103,0.03818334,0.15607360,0,Green
2524,0.01936297,0.03754852,0.15574370,0,Green
2525,0.01980656,0.03775572,0.15585060,0,Green
2526,0.02026834,0.03794824,0.15585060,0,Green
2527,0.01806740,0.03711691,0.15638790,0,Green
2528,0.01850929,0.03727925,0.15621930,0,Green
2529,0.00956542,0.03346401,0.16042810,0,Green
2530,0.00948714,0.03345751,0.16092230,0,Green
2531,0.00980920,0.03365753,0.16124890,0,Green
2532,0.02118508,0.03836982,0.15606900,0,Green
2533,0.02164913,0.03855686,0.15606680,0,Green
2534,0.01933157,0.03766126,0.15638790,0,Green
2535,0.01977574,0.03786583,0.15649500,0,Green
2536,0.02022674,0.03802784,0.15635150,0,Green
2537,0.00916956,0.03334040,0.16188850,0,Green
2538,0.00916956,0.03331510,0.16138750,0,Green
2539,0.00957213,0.03354984,0.16167830,0,Green
2540,0.02114297,0.03848143,0.15671220,0,Green
2541,0.02159457,0.03863344,0.15655940,0,Green
2542,0.02202336,0.03876213,0.15633590,0,Green
2543,0.00951948,0.03354793,0.16218010,0,Green
2544,0.00992272,0.03376101,0.16196630,0,Green
2545,0.00949275,0.03356719,0.16267920,0,Green
2546,0.00989376,0.03377902,0.16246530,0,Green
2547,0.00984029,0.03378333,0.16296660,0,Green
2548,0.01024575,0.03399722,0.16274600,0,Green
2549,0.00960191,0.03368523,0.16373960,0,Green
2550,0.00995991,0.03387467,0.16344380,0,Green
2551,0.00970914,0.03377842,0.16422050,0,Green
2552,0.01006643,0.03396754,0.16392530,0,Green
2553,0.01009972,0.03401876,0.16442250,0,Green
2554,0.00992440,0.03395290,0.16512370,0,Green
2555,0.01045504,0.03424166,0.16469540,0,Green
2556,0.01035053,0.03421109,0.16518400,0,Green
2557,0.01003219,0.03404543,0.16560410,0,Green
2558,0.01035495,0.03425737,0.16592240,0,Green
2559,0.01035716,0.03428823,0.16642200,0,Green
2560,0.01064639,0.03440098,0.16554090,0,Green
2561,0.01077989,0.03450504,0.16601470,0,Green
2562,-0.01899008,0.01214483,0.19058190,0,Green
2563,-0.01878720,0.01229711,0.19015080,0,Green
2564,-0.01982899,0.01146642,0.18972170,0,Green
2565,-0.01984594,0.01146373,0.19022170,0,Green
2566,-0.01944555,0.01177039,0.18982770,0,Green
2567,-0.01946250,0.01176769,0.19032760,0,Green
2568,-0.01859701,0.01245696,0.19058610,0,Green
2569,-0.01820393,0.01276892,0.19058400,0,Green
2570,-0.01855263,0.01251676,0.19122860,0,Green
2571,-0.01820182,0.01280360,0.19144410,0,Green
2572,-0.01799261,0.01295295,0.19101510,0,Green
2573,-0.01759994,0.01326431,0.19101350,0,Green
2574,-0.01768881,0.01321152,0.19150440,0,Green
2575,-0.01726775,0.01353602,0.19127170,0,Green
2576,-0.01735661,0.01348323,0.19176260,0,Green
2577,-0.01698069,0.01377742,0.19161200,0,Green
2578,-0.01659231,0.01408941,0.19166050,0,Green
2579,-0.01639495,0.01427751,0.19252190,0,Green
2580,-0.01604626,0.01456590,0.19273750,0,Green
2581,-0.01580112,0.01474037,0.19233810,0,Green
2582,-0.01682607,0.01391652,0.19206760,0,Green
2583,-0.01624280,0.01437433,0.19187740,0,Green
2584,-0.01554118,0.01496399,0.19270200,0,Green
2585,-0.01531533,0.01516601,0.19316970,0,Green
2586,-0.01521402,0.01521193,0.19241610,0,Green
2587,-0.01501350,0.01539173,0.19284040,0,Green
2588,-0.01499239,0.01543886,0.19349260,0,Green
2589,-0.01470745,0.01565002,0.19314010,0,Green
2590,-0.01446260,0.01582700,0.19274120,0,Green
2591,-0.01431970,0.01596070,0.19320240,0,Green
2592,-0.01456695,0.01578104,0.19360180,0,Green
2593,-0.01392662,0.01627134,0.19317280,0,Green
2594,-0.01417810,0.01609218,0.19366520,0,Green
2595,-0.01381462,0.01638783,0.19384060,0,Green
2596,-0.01359088,0.01654953,0.19342300,0,Green
2597,0.01035717,0.03431525,0.16692260,0,Green
2598,0.01035716,0.03434222,0.16742320,0,Green
2599,0.01046368,0.03443881,0.16805750,0,Green
2600,0.01073220,0.03454782,0.16716320,0,Green
2601,0.01073220,0.03452080,0.16666170,0,Green
2602,0.01073886,0.03457862,0.16766250,0,Green
2603,0.01110947,0.03478111,0.16739400,0,Green
2604,0.01057160,0.03453089,0.16857750,0,Green
2605,0.01078825,0.03470271,0.16943960,0,Green
2606,0.01085678,0.03471982,0.16894440,0,Green
2607,0.01087004,0.03469207,0.16820830,0,Green
2608,0.01115523,0.03488100,0.16857530,0,Green
2609,0.01120386,0.03487070,0.16787890,0,Green
2610,0.01089520,0.03481822,0.17041100,0,Green
2611,0.01091946,0.03481168,0.16991050,0,Green
2612,0.01121714,0.03502951,0.17073300,0,Green
2613,0.01127668,0.03504224,0.17017730,0,Green
2614,0.01127227,0.03497553,0.16905490,0,Green
2615,0.01122816,0.03497932,0.16955330,0,Green
2616,0.02207046,0.03888403,0.15681870,0,Green
2617,0.02244759,0.03897443,0.15650290,0,Green
2618,0.02278103,0.03917326,0.15681810,0,Green
2619,0.02281757,0.03904761,0.15617400,0,Green
2620,0.02315101,0.03924644,0.15648920,0,Green
2621,0.02353240,0.03932706,0.15617400,0,Green
2622,0.02356438,0.03945023,0.15668330,0,Green
2623,0.02397877,0.03952535,0.15628260,0,Green
2624,0.02401512,0.03965365,0.15676650,0,Green
2625,0.02442766,0.03975179,0.15650060,0,Green
2626,0.02462178,0.03992517,0.15692770,0,Green
2627,0.02489584,0.03993005,0.15650750,0,Green
2628,0.02533890,0.04012720,0.15663540,0,Green
2629,0.04284300,0.03580403,0.13578820,0,Green
2630,0.04250621,0.03599633,0.13621700,0,Green
2631,0.04300465,0.03603480,0.13620360,0,Green
2632,0.04271502,0.03622089,0.13661220,0,Green
2633,0.04315957,0.03635720,0.13679630,0,Green
2634,0.04343384,0.03617921,0.13641600,0,Green
2635,0.04365961,0.03640068,0.13680570,0,Green
2636,0.04403631,0.03658019,0.13708370,0,Green
2637,0.04357826,0.03670589,0.13740330,0,Green
2638,0.04401046,0.03696398,0.13783550,0,Green
2639,0.04429185,0.03679346,0.13745740,0,Green
2640,0.04489287,0.03749979,0.13869800,0,Green
2641,0.04489287,0.03726633,0.13825350,0,Green
2642,0.04526557,0.03713327,0.13794580,0,Green
2643,0.04476265,0.03690371,0.13758660,0,Green
2644,0.04448200,0.03707493,0.13796380,0,Green
2645,0.02590072,0.04050269,0.15724970,0,Green
2646,0.02590072,0.04038053,0.15676330,0,Green
2647,0.02630952,0.04058127,0.15697110,0,Green
2648,0.02664981,0.04061316,0.15660570,0,Green
2649,0.02545712,0.04028915,0.15709490,0,Green
2650,0.01168783,0.03530009,0.17030410,0,Green
2651,0.01163505,0.03529465,0.17080560,0,Green
2652,0.01121935,0.03505803,0.17123230,0,Green
2653,0.01163725,0.03532349,0.17130490,0,Green
2654,0.01196936,0.03554774,0.17160400,0,Green
2655,0.01132713,0.03517464,0.17237380,0,Green
2656,0.01132713,0.03515608,0.17187230,0,Green
2657,0.01172834,0.03541331,0.17202530,0,Green
2658,0.01172614,0.03543586,0.17252550,0,Green
2659,0.01165155,0.03541211,0.17302120,0,Green
2660,0.01207935,0.03567328,0.17278870,0,Green
2661,0.01200476,0.03564953,0.17328450,0,Green
2662,0.01165155,0.03544090,0.17377590,0,Green
2663,0.01207280,0.03571308,0.17377700,0,Green
2664,0.01175769,0.03552896,0.17425850,0,Green
2665,0.01186710,0.03561912,0.17473990,0,Green
2666,0.01186710,0.03563729,0.17526510,0,Green
2667,0.01216511,0.03579509,0.17437750,0,Green
2668,0.01226849,0.03587991,0.17488560,0,Green
2669,0.02711999,0.04078442,0.15660590,0,Green
2670,0.02676285,0.04077229,0.15706770,0,Green
2671,0.02756585,0.04098272,0.15671510,0,Green
2672,0.02722918,0.04095344,0.15708360,0,Green
2673,0.02762272,0.04116349,0.15731110,0,Green
2674,0.02796345,0.04118465,0.15694480,0,Green
2675,0.02842996,0.04136150,0.15699740,0,Green
2676,0.02890283,0.04151472,0.15693000,0,Green
2677,0.02847689,0.04151266,0.15747210,0,Green
2678,0.02894839,0.04166579,0.15740610,0,Green
2679,0.02934928,0.04170955,0.15704390,0,Green
2680,0.02937443,0.04186770,0.15757370,0,Green
2681,0.02975861,0.04190632,0.15725590,0,Green
2682,0.04530428,0.03770396,0.13902160,0,Green
2683,0.04573143,0.03785283,0.13923740,0,Green
2684,0.04590453,0.03764923,0.13881480,0,Green
2685,0.04536761,0.03736731,0.13837580,0,Green
2686,0.04623151,0.03789740,0.13923850,0,Green
2687,0.04595122,0.03807602,0.13962870,0,Green
2688,0.04644902,0.03812464,0.13962870,0,Green
2689,0.04649162,0.03836083,0.14006820,0,Green
2690,0.04672945,0.03795128,0.13925260,0,Green
2691,0.04690232,0.03825524,0.13980260,0,Green
2692,0.04694190,0.03849136,0.14024350,0,Green
2693,0.04738753,0.03834035,0.13988970,0,Green
2694,0.04742784,0.03857976,0.14032860,0,Green
2695,0.04792722,0.03861760,0.14031740,0,Green
2696,0.04746248,0.03891651,0.14096400,0,Green
2697,0.04791661,0.03885251,0.14076390,0,Green
2698,0.04789305,0.03908264,0.14120730,0,Green
2699,0.04833702,0.03900845,0.14098530,0,Green
2700,0.04832581,0.03924197,0.14142930,0,Green
2701,0.04852986,0.03946791,0.14182620,0,Green
2702,0.04876530,0.03915801,0.14120500,0,Green
2703,0.04896935,0.03938360,0.14160190,0,Green
2704,0.03108041,0.04252455,0.15779100,0,Green
2705,0.03108041,0.04238181,0.15731070,0,Green
2706,0.03154235,0.04248025,0.15714610,0,Green
2707,0.03020117,0.04199367,0.15703710,0,Green
2708,0.02994151,0.04209464,0.15768170,0,Green
2709,0.03067495,0.04215903,0.15703710,0,Green
2710,0.03038340,0.04218387,0.15746300,0,Green
2711,0.03154279,0.04262668,0.15762480,0,Green
2712,0.03196418,0.04268480,0.15736050,0,Green
2713,0.03243796,0.04280930,0.15725350,0,Green
2714,0.03213957,0.04287655,0.15778880,0,Green
2715,0.03261335,0.04300106,0.15768170,0,Green
2716,0.03299678,0.04302328,0.15736100,0,Green
2717,0.01268781,0.03614739,0.17494290,0,Green
2718,0.01208813,0.03580279,0.17591160,0,Green
2719,0.01225727,0.03589437,0.17544810,0,Green
2720,0.01229681,0.03594859,0.17634220,0,Green
2721,0.01250989,0.03606746,0.17586550,0,Green
2722,0.01271915,0.03621463,0.17629510,0,Green
2723,0.01251319,0.03610217,0.17676620,0,Green
2724,0.01293388,0.03636913,0.17672020,0,Green
2725,0.01251374,0.03613594,0.17809340,0,Green
2726,0.01251373,0.03612353,0.17759330,0,Green
2727,0.01275287,0.03626600,0.17717640,0,Green
2728,0.01292837,0.03639062,0.17767880,0,Green
2729,-0.01322924,0.01684567,0.19360390,0,Green
2730,-0.01345325,0.01668277,0.19402230,0,Green
2731,-0.01306229,0.01699457,0.19405200,0,Green
2732,-0.01266921,0.01730637,0.19403500,0,Green
2733,-0.01294183,0.01712395,0.19467960,0,Green
2734,-0.01256778,0.01741236,0.19451480,0,Green
2735,-0.01228882,0.01761448,0.19415130,0,Green
2736,-0.01208383,0.01781208,0.19489510,0,Green
2737,-0.01187250,0.01795960,0.19446610,0,Green
2738,-0.01186405,0.01800709,0.19532620,0,Green
2739,-0.01166751,0.01814235,0.19488670,0,Green
2740,-0.01128500,0.01845087,0.19498600,0,Green
2741,0.01952396,0.03784490,0.21305700,0,Green
2742,0.01997879,0.03805384,0.21305700,0,Green
2743,0.02027749,0.03812003,0.21345300,0,Green
2744,0.01977739,0.03788420,0.21348690,0,Green
2745,0.01995616,0.03787621,0.21398930,1,SecondColor
2746,0.02027802,0.03795732,0.21436320,1,SecondColor
2747,0.01931705,0.03767551,0.21347950,0,Green
2748,0.01941474,0.03763811,0.21397020,0,Green
2749,0.01984865,0.03774314,0.21450410,1,SecondColor
2750,0.01769048,0.03698449,0.21305700,0,Green
2751,0.01814246,0.03719843,0.21305700,0,Green
2752,0.01859444,0.03741237,0.21305700,0,Green
2753,0.01886111,0.03746934,0.21347730,0,Green
2754,0.00345531,0.02955852,0.20442630,0,Green
2755,0.00377959,0.02976122,0.20475060,0,Green
2756,0.00172873,0.02841099,0.20269970,0,Green
2757,0.00204879,0.02862373,0.20301970,0,Green
2758,0.00236885,0.02883646,0.20333980,0,Green
2759,0.00268890,0.02904921,0.20365990,0,Green
2760,0.00300896,0.02926195,0.20397990,0,Green
2761,0.00197912,0.02857512,0.20351400,0,Green
2762,0.00229918,0.02878786,0.20383400,0,Green
2763,0.00261923,0.02900061,0.20415410,0,Green
2764,0.00129655,0.02811459,0.20312750,0,Green
2765,0.00086436,0.02781324,0.20298560,0,Green
2766,-0.01078467,0.01888848,0.19597320,0,Green
2767,-0.01041228,0.01917147,0.19579540,0,Green
2768,-0.01089258,0.01876081,0.19500620,0,Green
2769,-0.01121631,0.01852499,0.19547590,0,Green
2770,-0.01075928,0.01888490,0.19547380,0,Green
2771,-0.01025993,0.01927279,0.19532990,0,Green
2772,-0.01017931,0.01937432,0.19618950,0,Green
2773,-0.00993145,0.01954894,0.19579120,0,Green
2774,-0.00988696,0.01962022,0.19651360,0,Green
2775,-0.00963910,0.01979483,0.19611530,0,Green
2776,-0.00950563,0.01992511,0.19662160,0,Green
2777,-0.00928955,0.02005708,0.19587170,0,Green
2778,-0.00916945,0.02017495,0.19634270,0,Green
2779,-0.00877493,0.02047984,0.19630030,0,Green
2780,-0.00915673,0.02020614,0.19684540,0,Green
2781,-0.00876220,0.02051093,0.19680080,0,Green
2782,-0.00776423,0.02132808,0.19780870,0,Green
2783,-0.00743506,0.02156795,0.19751780,0,Green
2784,-0.00706129,0.02186451,0.19766850,0,Green
2785,-0.00862858,0.02063468,0.19726960,0,Green
2786,-0.00838889,0.02079470,0.19662690,0,Green
2787,-0.00825527,0.02091895,0.19709570,0,Green
2788,-0.00797740,0.02112057,0.19673080,0,Green
2789,-0.00787254,0.02121919,0.19721200,0,Green
2790,-0.00690200,0.02200959,0.19823860,0,Green
2791,-0.00668299,0.02216019,0.19781330,0,Green
2792,-0.00651501,0.02231096,0.19834700,0,Green
2793,-0.00629601,0.02246156,0.19792180,0,Green
2794,-0.00613015,0.02261104,0.19846390,0,Green
2795,-0.00591114,0.02276164,0.19803870,0,Green
2796,-0.00560387,0.02300627,0.19834910,0,Green
2797,-0.00582129,0.02285491,0.19877330,0,Green
2798,-0.00521593,0.02330370,0.19845780,0,Green
2799,-0.00543335,0.02315234,0.19888200,0,Green
2800,-0.00511362,0.02340399,0.19917400,0,Green
2801,-0.00485996,0.02358427,0.19878180,0,Green
2802,-0.00447026,0.02388033,0.19888960,0,Green
2803,-0.00411128,0.02415442,0.19910540,0,Green
2804,-0.00485276,0.02361596,0.19964180,0,Green
2805,-0.00450232,0.02386955,0.19938960,0,Green
2806,-0.00431428,0.02402789,0.19985760,0,Green
2807,-0.00397879,0.02426915,0.19957550,0,Green
2808,-0.00359237,0.02455311,0.19942860,0,Green
2809,-0.00394796,0.02430708,0.20007330,0,Green
2810,-0.00356024,0.02459000,0.19992770,0,Green
2811,-0.00342528,0.02470218,0.20039680,0,Green
2812,-0.00318108,0.02486616,0.19975420,0,Green
2813,-0.00304612,0.02497846,0.20022330,0,Green
2814,-0.00265840,0.02526199,0.20008410,0,Green
2815,-0.00215606,0.02565240,0.20125870,0,Green
2816,-0.00182106,0.02588829,0.20097090,0,Green
2817,-0.00300216,0.02502195,0.20071970,0,Green
2818,-0.00226558,0.02555147,0.20019350,0,Green
2819,-0.00261132,0.02530511,0.20058010,0,Green
2820,-0.00221834,0.02559380,0.20069170,0,Green
2821,-0.00172442,0.02596817,0.20147470,0,Green
2822,-0.00143378,0.02617056,0.20112160,0,Green
2823,-0.00136059,0.02623379,0.20169210,0,Green
2824,-0.00106996,0.02643618,0.20133910,0,Green
2825,-0.00091495,0.02655619,0.20179980,0,Green
2826,-0.00066738,0.02672674,0.20139930,0,Green
2827,-0.00026546,0.02701431,0.20147810,0,Green
2828,-0.00051150,0.02684307,0.20187950,0,Green
2829,-0.00010576,0.02713043,0.20193780,0,Green
2830,-0.00153330,0.02609268,0.20061660,0,Green
2831,0.00000215,0.02721101,0.20255500,0,Green
2832,0.00025898,0.02738966,0.20216440,0,Green
2833,0.00066506,0.02767451,0.20223170,0,Green
2834,0.00040943,0.02749511,0.20263030,0,Green
2835,0.00107666,0.02796037,0.20223170,0,Green
2836,0.00318165,0.02938710,0.20352710,0,Green
2837,0.00345095,0.02956423,0.20390940,0,Green
2838,0.00452840,0.03026251,0.20438910,0,Green
2839,0.00388148,0.02984565,0.20395860,0,Green
2840,0.00410878,0.02998748,0.20438910,0,Green
2841,0.00490868,0.03050564,0.20460550,0,Green
2842,0.00432077,0.03011367,0.20482400,0,Green
2843,0.00517750,0.03067002,0.20499450,0,Green
2844,0.00470324,0.03035785,0.20503820,0,Green
2845,0.00517750,0.03065483,0.20549500,0,Green
2846,0.00600782,0.03118414,0.20525220,0,Green
2847,0.00633512,0.03137992,0.20557950,0,Green
2848,0.00666242,0.03157571,0.20590680,0,Green
2849,0.00560803,0.03093940,0.20503700,0,Green
2850,0.00593753,0.03112502,0.20574430,0,Green
2851,0.00626483,0.03132080,0.20607160,0,Green
2852,0.00690405,0.03171221,0.20632420,0,Green
2853,0.00729533,0.03193750,0.20653980,0,Green
2854,0.00762473,0.03212035,0.20686920,0,Green
2855,0.00795412,0.03230321,0.20719850,0,Green
2856,0.00755012,0.03211895,0.20611540,0,Green
2857,0.00794350,0.03233557,0.20654710,0,Green
2858,0.00833110,0.03254810,0.20697870,0,Green
2859,0.00863061,0.03271028,0.20734650,0,Green
2860,0.00981414,0.03339490,0.20751820,0,Green
2861,0.01013773,0.03356434,0.20786170,0,Green
2862,0.00938859,0.03315156,0.20740960,0,Green
2863,0.00905171,0.03297311,0.20708600,0,Green
2864,0.00900073,0.03291141,0.20761790,0,Green
2865,0.00953044,0.03320618,0.20788610,0,Green
2866,0.00916917,0.03297429,0.20814320,0,Green
2867,0.00985625,0.03337100,0.20822960,0,Green
2868,0.01035494,0.03365813,0.20830280,0,Green
2869,0.01035715,0.03362104,0.20880150,0,Green
2870,0.01208148,0.03452263,0.20960380,0,Green
2871,0.01079213,0.03390195,0.20831000,0,Green
2872,0.01112896,0.03406420,0.20864680,0,Green
2873,0.01146580,0.03422645,0.20898370,0,Green
2874,0.01166433,0.03430250,0.20943650,0,Green
2875,0.01104643,0.03398065,0.20913310,0,Green
2876,0.01242228,0.03467127,0.20994020,0,Green
2877,0.01186817,0.03447260,0.20881270,0,Green
2878,0.01273144,0.03487669,0.20960380,0,Green
2879,0.01317146,0.03510848,0.20967530,0,Green
2880,0.01351990,0.03526259,0.20999920,0,Green
2881,0.01294586,0.03494008,0.21008850,0,Green
2882,0.01381026,0.03537770,0.21039000,0,Green
2883,0.01329430,0.03509396,0.21041460,0,Green
2884,0.01241246,0.03473587,0.20924370,0,Green
2885,0.01467017,0.03571785,0.21133040,0,Green
2886,0.01511471,0.03594724,0.21133040,0,Green
2887,0.01553681,0.03614089,0.21151670,0,Green
2888,0.01474650,0.03584459,0.21053780,0,Green
2889,0.01423684,0.03561721,0.21021450,0,Green
2890,0.01433563,0.03561403,0.21070620,0,Green
2891,0.01594982,0.03631306,0.21174120,0,Green
2892,0.01629288,0.03643570,0.21208420,0,Green
2893,0.01663593,0.03655835,0.21242730,0,Green
2894,0.01524346,0.03606775,0.21086230,0,Green
2895,0.01625621,0.03651611,0.21140010,0,Green
2896,0.01660917,0.03664554,0.21173050,0,Green
2897,0.01702732,0.03682524,0.21193960,0,Green
2898,0.01726337,0.03688039,0.21237800,0,Green
2899,0.01725888,0.03680668,0.21287260,0,Green
2900,0.01796711,0.03718315,0.21258850,0,Green
2901,0.01941589,0.03800241,0.21175410,0,Green
2902,0.01976257,0.03810656,0.21210080,0,Green
2903,0.02010924,0.03821070,0.21244750,0,Green
2904,0.01967873,0.03799168,0.21258110,0,Green
2905,0.01962187,0.03817322,0.21133040,0,Green
2906,0.02003263,0.03829936,0.21172540,0,Green
2907,0.01898544,0.03813544,0.20960380,0,Green
2908,0.01898544,0.03805991,0.21009840,0,Green
2909,0.01943286,0.03828016,0.21004450,0,Green
2910,0.01973795,0.03836524,0.21043320,0,Green
2911,0.01929275,0.03814342,0.21050550,0,Green
2912,0.01926563,0.03805534,0.21099820,0,Green
2913,0.01960978,0.03843951,0.20960380,0,Green
2914,0.01855494,0.03816587,0.20787720,0,Green
2915,0.01898994,0.03836952,0.20801630,0,Green
2916,0.01868051,0.03815978,0.20836160,0,Green
2917,0.01898994,0.03826375,0.20874050,0,Green
2918,0.01930590,0.03846858,0.20839190,0,Green
2919,0.01941423,0.03844156,0.20893800,0,Green
2920,0.01823079,0.03822926,0.20615070,0,Green
2921,0.01867419,0.03846306,0.20615070,0,Green
2922,0.01896307,0.03856034,0.20654710,0,Green
2923,0.01847712,0.03829945,0.20658070,0,Green
2924,0.01876600,0.03839673,0.20697700,0,Green
2925,0.01898770,0.03845175,0.20742270,0,Green
2926,0.01812330,0.03827654,0.20528180,0,Green
2927,0.01846369,0.03841531,0.20562220,0,Green
2928,0.01779945,0.03821458,0.20442410,0,Green
2929,0.01824170,0.03845297,0.20442410,0,Green
2930,0.01855217,0.03857104,0.20479940,0,Green
2931,0.01875765,0.03862226,0.20525280,0,Green
2932,0.01769168,0.03835510,0.20269750,0,Green
2933,0.01811998,0.03857362,0.20283590,0,Green
2934,0.01781660,0.03836413,0.20318160,0,Green
2935,0.01833413,0.03863612,0.20328420,0,Green
2936,0.01844120,0.03863478,0.20377280,0,Green
2937,0.01801037,0.03841622,0.20364140,0,Green
2938,0.01704370,0.03819304,0.20074910,0,Green
2939,0.01726340,0.03827725,0.20119070,0,Green
2940,0.01767830,0.03848531,0.20138370,0,Green
2941,0.01801291,0.03863363,0.20172500,0,Green
2942,0.01811998,0.03863928,0.20223360,0,Green
2943,0.01759576,0.03838925,0.20186770,0,Green
2944,0.01740169,0.03823697,0.20230270,0,Green
2945,0.01682899,0.03821269,0.19924440,0,Green
2946,0.01726119,0.03846582,0.19924440,0,Green
2947,0.01706393,0.03830852,0.19967660,0,Green
2948,0.01726119,0.03838013,0.20013100,0,Green
2949,0.01665168,0.03814577,0.19878120,0,Green
2950,0.01758197,0.03861117,0.19960090,0,Green
2951,0.01768891,0.03860777,0.20025590,0,Green
2952,0.01768891,0.03855954,0.20075490,0,Green
2953,0.01650514,0.03816880,0.19751780,0,Green
2954,0.01693622,0.03842498,0.19751780,0,Green
2955,0.01725678,0.03858466,0.19786710,0,Green
2956,0.01673505,0.03826721,0.19795120,0,Green
2957,0.01705560,0.03842689,0.19830040,0,Green
2958,0.01618098,0.03805405,0.19643320,0,Green
2959,0.01651302,0.03822753,0.19676520,0,Green
2960,0.01607336,0.03804017,0.19579130,0,Green
2961,0.01650390,0.03829926,0.19579130,0,Green
2962,0.01682625,0.03846593,0.19613570,0,Green
2963,0.01693444,0.03849234,0.19662370,0,Green
2964,0.01574908,0.03794144,0.19427470,0,Green
2965,0.01608068,0.03811992,0.19460630,0,Green
2966,0.01641229,0.03829840,0.19493790,0,Green
2967,0.01671737,0.03845894,0.19530050,0,Green
2968,0.01600994,0.03804616,0.19509710,0,Green
2969,0.01613222,0.03818923,0.19406470,0,Green
2970,0.01554347,0.03792597,0.19233810,0,Green
2971,0.01596243,0.03817661,0.19244620,0,Green
2972,0.01628753,0.03833274,0.19317270,0,Green
2973,0.01590336,0.03811190,0.19293870,0,Green
2974,0.01639351,0.03837040,0.19366070,0,Green
2975,0.01593206,0.03810183,0.19343990,0,Green
2976,0.01554127,0.03787768,0.19319260,0,Green
2977,0.01554126,0.03800408,0.19061380,0,Green
2978,0.01585438,0.03818024,0.19096220,0,Green
2979,0.01596243,0.03822411,0.19144950,0,Green
2980,0.01554126,0.03797280,0.19129290,0,Green
2981,0.01592053,0.03817554,0.19194570,0,Green
2982,0.01510248,0.03772569,0.19061160,0,Green
2983,0.01520998,0.03774866,0.19159440,0,Green
2984,0.01488748,0.03761106,0.18996000,0,Green
2985,0.01574827,0.03814907,0.19015130,0,Green
2986,0.01467029,0.03751193,0.18888500,0,Green
2987,0.01509371,0.03778207,0.18888500,0,Green
2988,0.01542278,0.03798027,0.18920530,0,Green
2989,0.01488748,0.03763456,0.18931940,0,Green
2990,0.01521656,0.03783276,0.18963970,0,Green
2991,0.01531967,0.03788067,0.19012670,0,Green
2992,0.01467029,0.03753375,0.18801630,0,Green
2993,0.01499498,0.03773276,0.18834090,0,Green
2994,0.01434712,0.03735015,0.18715850,0,Green
2995,0.01476999,0.03762078,0.18715850,0,Green
2996,0.01510085,0.03782398,0.18747400,0,Green
2997,0.01541198,0.03799735,0.18842490,0,Green
2998,0.01402284,0.03716745,0.18564220,0,Green
2999,0.01434712,0.03736968,0.18596650,0,Green
3000,0.01467139,0.03757191,0.18629080,0,Green
3001,0.01499129,0.03777126,0.18661950,0,Green
3002,0.01427481,0.03731534,0.18645950,0,Green
3003,0.01440409,0.03741531,0.18543190,0,Green
3004,0.01484668,0.03769196,0.18583720,0,Green
3005,0.01262206,0.03622612,0.17893050,0,Green
3006,0.01287372,0.03638184,0.17852560,0,Green
3007,0.01294593,0.03644282,0.17938780,0,Green
3008,0.01312100,0.03654822,0.17893050,0,Green
3009,0.01337265,0.03670394,0.17852560,0,Green
3010,0.01326323,0.03661605,0.17797420,0,Green
3011,0.01380813,0.03704607,0.18370530,0,Green
3012,0.01380813,0.03704241,0.18420580,0,Green
3013,0.01422223,0.03730845,0.18411510,0,Green
3014,0.01454650,0.03751384,0.18443930,0,Green
3015,0.01455965,0.03751859,0.18494110,0,Green
3016,0.01414992,0.03725852,0.18460810,0,Green
3017,0.01408419,0.03721278,0.18510320,0,Green
3018,0.01305316,0.03653720,0.18098090,0,Green
3019,0.01305316,0.03653312,0.18047980,0,Green
3020,0.01342736,0.03677472,0.18025220,0,Green
3021,0.01348206,0.03678715,0.17918210,0,Green
3022,0.01294593,0.03645366,0.17988890,0,Green
3023,0.01331575,0.03668896,0.17964380,0,Green
3024,0.01337539,0.03675952,0.18238310,0,Green
3025,0.01362235,0.03692109,0.18197870,0,Green
3026,0.01379283,0.03703349,0.18243550,0,Green
3027,0.01348467,0.03683214,0.18286610,0,Green
3028,0.01380813,0.03704504,0.18318300,0,Green
3029,0.01342784,0.03677953,0.18075270,0,Green
3030,0.01316121,0.03661344,0.18146520,0,Green
3031,0.01353493,0.03685524,0.18123570,0,Green
3032,0.01385418,0.03706705,0.18155970,0,Green
3033,0.01407357,0.03721222,0.18206210,0,Green
3034,0.01408234,0.03721931,0.18280150,0,Green
3035,0.01422055,0.03730849,0.18329290,0,Green
3036,0.03293732,0.04320490,0.15800590,0,Green
3037,0.03339012,0.04329068,0.15781160,0,Green
3038,0.03373772,0.04349050,0.15811340,0,Green
3039,0.03413334,0.04352557,0.15780930,0,Green
3040,0.03358928,0.04320735,0.15735990,0,Green
3041,0.03450160,0.04353206,0.15746940,0,Green
3042,0.03452669,0.04372372,0.15804650,0,Green
3043,0.03495945,0.04390803,0.15822140,0,Green
3044,0.03523653,0.04386284,0.15780700,0,Green
3045,0.03541743,0.04407890,0.15832910,0,Green
3046,0.03569450,0.04403371,0.15791460,0,Green
3047,0.03617080,0.04414411,0.15780930,0,Green
3048,0.03624412,0.04431583,0.15827450,0,Green
3049,0.03662190,0.04431768,0.15794670,0,Green
3050,0.03668372,0.04449297,0.15843670,0,Green
3051,0.03706156,0.04449385,0.15810700,0,Green
3052,0.03721956,0.04467943,0.15854430,0,Green
3053,0.03746228,0.04451079,0.15780700,0,Green
3054,0.03792728,0.04467312,0.15790060,0,Green
3055,0.03766464,0.04473659,0.15832310,0,Green
3056,0.03807139,0.04492776,0.15854430,0,Green
3057,0.03833701,0.04485863,0.15812530,0,Green
3058,0.03855684,0.04505683,0.15854430,0,Green
3059,0.03878354,0.04490328,0.15790310,0,Green
3060,0.03899879,0.04509720,0.15831310,0,Green
3061,0.03939722,0.04510233,0.15801080,0,Green
3062,0.03943460,0.04527408,0.15848300,0,Green
3063,0.03968124,0.04547520,0.15886900,0,Green
3064,0.03986227,0.04529899,0.15822430,0,Green
3065,0.04011220,0.04549517,0.15861410,0,Green
3066,0.04034378,0.04538130,0.15811650,0,Green
3067,0.04059371,0.04557748,0.15850630,0,Green
3068,0.04897097,0.03979089,0.14236460,0,Green
3069,0.04939812,0.03993954,0.14258040,0,Green
3070,0.04976681,0.03980918,0.14226790,0,Green
3071,0.04922383,0.03960391,0.14197230,0,Green
3072,0.04987299,0.04004347,0.14269840,0,Green
3073,0.05000529,0.04027792,0.14311990,0,Green
3074,0.05024319,0.03991085,0.14238690,0,Green
3075,0.05026564,0.04052620,0.14355210,0,Green
3076,0.05037566,0.04014420,0.14281120,0,Green
3077,0.05059120,0.04036837,0.14320640,0,Green
3078,0.05091336,0.04086308,0.14409110,0,Green
3079,0.05124159,0.04105675,0.14441480,0,Green
3080,0.05142368,0.04085480,0.14399450,0,Green
3081,0.05108607,0.04036192,0.14312220,0,Green
3082,0.05075645,0.04060068,0.14362000,0,Green
3083,0.05124975,0.04059540,0.14353480,0,Green
3084,0.05173625,0.04105582,0.14433120,0,Green
3085,0.05188455,0.04139278,0.14495440,0,Green
3086,0.05214983,0.04121015,0.14457000,0,Green
3087,0.05231395,0.04153504,0.14517020,0,Green
3088,0.05257922,0.04135241,0.14478580,0,Green
3089,0.05285487,0.04191547,0.14581780,0,Green
3090,0.05334335,0.04199206,0.14589660,0,Green
3091,0.05281395,0.04157247,0.14517090,0,Green
3092,0.05331463,0.04160974,0.14517090,0,Green
3093,0.07108103,0.04887347,0.16091990,0,Green
3094,0.07086754,0.04905529,0.16133400,0,Green
3095,0.07140767,0.04912723,0.16167560,1,SecondColor
3096,0.07189701,0.04911818,0.16178410,1,SecondColor
3097,0.06935599,0.04847046,0.15951750,0,Green
3098,0.06955514,0.04862388,0.15995020,0,Green
3099,0.06989585,0.04873305,0.16030010,0,Green
3100,0.07039080,0.04872423,0.16038070,0,Green
3101,0.07059108,0.04887729,0.16081350,0,Green
3102,0.07122301,0.04930532,0.16210490,1,SecondColor
3103,0.07009383,0.04889211,0.16074680,0,Green
3104,0.07037698,0.04905777,0.16122790,0,Green
3105,0.06906480,0.04869287,0.16002160,0,Green
3106,0.06941011,0.04880983,0.16039220,0,Green
3107,0.06915944,0.04920669,0.16135250,0,Green
3108,0.06964879,0.04920518,0.16145860,0,Green
3109,0.07012197,0.04922732,0.16162480,0,Green
3110,0.07061132,0.04922495,0.16172870,0,Green
3111,0.06973650,0.04937029,0.16192260,0,Green
3112,0.07027663,0.04938168,0.16207490,0,Green
3113,0.06924715,0.04937253,0.16181640,0,Green
3114,0.06733824,0.04929589,0.16126240,0,Green
3115,0.06768447,0.04940227,0.16160870,0,Green
3116,0.06803072,0.04950864,0.16195490,0,Green
3117,0.06801084,0.04925035,0.16126010,0,Green
3118,0.06850316,0.04925219,0.16135260,0,Green
3119,0.06874815,0.04939051,0.16176630,0,Green
3120,0.06827979,0.04855163,0.15953360,0,Green
3121,0.06877934,0.04851930,0.15953350,0,Green
3122,0.06733822,0.04789781,0.15780930,0,Green
3123,0.06768216,0.04801813,0.15815320,0,Green
3124,0.06802610,0.04813845,0.15849720,0,Green
3125,0.06837004,0.04825877,0.15884110,0,Green
3126,0.06754000,0.04820984,0.15859340,0,Green
3127,0.06788395,0.04833016,0.15893740,0,Green
3128,0.06889260,0.04832694,0.15908580,0,Green
3129,0.05380372,0.04192799,0.14571200,0,Green
3130,0.05352569,0.04224363,0.14635580,0,Green
3131,0.05393313,0.04249126,0.14678800,0,Green
3132,0.05396464,0.04215505,0.14613300,0,Green
3133,0.05428879,0.04234656,0.14646610,0,Green
3134,0.05525225,0.04291542,0.14744080,0,Green
3135,0.05535566,0.04269309,0.14700470,0,Green
3136,0.05441594,0.04257572,0.14689230,0,Green
3137,0.05477789,0.04243411,0.14657530,0,Green
3138,0.05458006,0.04280288,0.14730820,0,Green
3139,0.05575358,0.04293773,0.14743630,0,Green
3140,0.05538975,0.04313846,0.14786680,0,Green
3141,0.05572785,0.04331869,0.14818910,0,Green
3142,0.05600960,0.04314266,0.14781500,0,Green
3143,0.05697881,0.04388260,0.14916740,0,Green
3144,0.05697882,0.04365456,0.14872110,0,Green
3145,0.05622598,0.04335584,0.14821390,0,Green
3146,0.05619893,0.04358246,0.14866020,0,Green
3147,0.05671510,0.04342536,0.14829960,0,Green
3148,0.05652351,0.04377000,0.14899380,0,Green
3149,0.05747921,0.04389852,0.14916290,0,Green
3150,0.05716866,0.04415456,0.14970070,0,Green
3151,0.05760029,0.04433084,0.15002390,0,Green
3152,0.05766357,0.04411196,0.14957870,0,Green
3153,0.05812233,0.04421401,0.14975040,0,Green
3154,0.04143979,0.04596093,0.15897640,0,Green
3155,0.04143979,0.04579354,0.15850400,0,Green
3156,0.04186398,0.04596414,0.15871040,0,Green
3157,0.04218728,0.04590435,0.15833210,0,Green
3158,0.04099385,0.04576294,0.15874230,0,Green
3159,0.04316635,0.04640783,0.15908410,0,Green
3160,0.04340253,0.04630171,0.15865540,0,Green
3161,0.04382213,0.04646870,0.15887090,0,Green
3162,0.04405142,0.04636029,0.15843980,0,Green
3163,0.04234309,0.04609578,0.15876750,0,Green
3164,0.04282561,0.04617042,0.15865540,0,Green
3165,0.04489291,0.04690379,0.15940740,0,Green
3166,0.04489291,0.04672872,0.15893740,0,Green
3167,0.04530564,0.04670293,0.15865540,0,Green
3168,0.04446929,0.04653107,0.15865650,0,Green
3169,0.04401131,0.04666666,0.15929080,0,Green
3170,0.04661948,0.04728903,0.15951520,0,Green
3171,0.04661948,0.04711085,0.15904680,0,Green
3172,0.04533028,0.04688320,0.15912600,0,Green
3173,0.04577680,0.04683487,0.15876410,0,Green
3174,0.04579970,0.04701802,0.15923360,0,Green
3175,0.04834605,0.04759917,0.15951520,0,Green
3176,0.04856646,0.04746639,0.15908590,0,Green
3177,0.04710951,0.04721104,0.15908700,0,Green
3178,0.04760183,0.04729952,0.15908700,0,Green
3179,0.04727896,0.04740747,0.15951520,0,Green
3180,0.04808957,0.04734547,0.15897940,0,Green
3181,0.04777128,0.04749595,0.15951520,0,Green
3182,0.04875582,0.04778423,0.15983970,0,Green
3183,0.04914948,0.04773406,0.15953360,0,Green
3184,0.04950860,0.04790397,0.15983970,0,Green
3185,0.04990226,0.04785382,0.15953360,0,Green
3186,0.04951084,0.04765788,0.15919420,0,Green
3187,0.05026088,0.04777193,0.15919380,0,Green
3188,0.05011174,0.04804148,0.15994790,0,Green
3189,0.05047087,0.04796342,0.15960720,0,Green
3190,0.05079547,0.04813582,0.15994790,0,Green
3191,0.05104869,0.04801555,0.15953360,0,Green
3192,0.05129272,0.04820442,0.15994790,0,Green
3193,0.05154595,0.04808416,0.15953360,0,Green
3194,0.05178998,0.04826892,0.15993130,0,Green
3195,0.05207082,0.04815071,0.15953350,0,Green
3196,0.05220895,0.04844669,0.16027020,0,Green
3197,0.05243225,0.04831002,0.15984200,0,Green
3198,0.05270620,0.04850461,0.16027020,0,Green
3199,0.05282130,0.04823900,0.15953590,0,Green
3200,0.05306762,0.04841901,0.15993410,0,Green
3201,0.05345668,0.04834725,0.15962560,0,Green
3202,0.05352113,0.04854011,0.16010680,0,Green
3203,0.05868046,0.04481851,0.15091880,0,Green
3204,0.05805906,0.04443378,0.15019560,0,Green
3205,0.05858335,0.04431536,0.14991760,0,Green
3206,0.05852007,0.04453513,0.15036280,0,Green
3207,0.05391249,0.04846117,0.15980520,0,Green
3208,0.05391710,0.04868208,0.16037840,0,Green
3209,0.05430845,0.04860308,0.16007690,0,Green
3210,0.05445348,0.04844325,0.15962560,0,Green
3211,0.05479418,0.04860295,0.15995710,0,Green
3212,0.05897205,0.04464258,0.15055270,0,Green
3213,0.05453175,0.04878272,0.16048660,0,Green
3214,0.05501749,0.04878404,0.16036690,0,Green
3215,0.05900448,0.04501915,0.15131760,0,Green
3216,0.05925145,0.04483379,0.15092340,0,Green
3217,0.05934889,0.04518361,0.15164160,0,Green
3218,0.05959586,0.04499825,0.15124740,0,Green
3219,0.06007168,0.04493971,0.15110460,0,Green
3220,0.05529149,0.04865451,0.15996690,0,Green
3221,0.05551740,0.04883115,0.16037960,0,Green
3222,0.05579171,0.04869691,0.15998310,0,Green
3223,0.05599226,0.04891739,0.16051330,0,Green
3224,0.05626657,0.04878315,0.16011680,0,Green
3225,0.05984963,0.04519164,0.15163480,0,Green
3226,0.06033905,0.04515478,0.15153520,0,Green
3227,0.05997425,0.04540576,0.15206990,0,Green
3228,0.06042742,0.04550664,0.15225570,0,Green
3229,0.06067893,0.04531903,0.15186600,0,Green
3230,0.06092817,0.04550980,0.15225570,0,Green
3231,0.06121593,0.04569004,0.15262270,0,Green
3232,0.06646237,0.04755578,0.15692880,0,Green
3233,0.06682369,0.04768027,0.15725360,0,Green
3234,0.06083634,0.04583475,0.15293620,0,Green
3235,0.06126798,0.04598902,0.15325880,0,Green
3236,0.06159739,0.04583016,0.15291580,0,Green
3237,0.06320809,0.04628996,0.15390860,0,Green
3238,0.06363973,0.04648846,0.15434020,0,Green
3239,0.06223803,0.04589404,0.15304530,0,Green
3240,0.06256063,0.04605414,0.15339290,0,Green
3241,0.06270602,0.04629505,0.15390860,0,Green
3242,0.06309677,0.04649824,0.15434930,0,Green
3243,0.06223576,0.04621867,0.15373590,0,Green
3244,0.06259470,0.04650334,0.15434930,0,Green
3245,0.06175869,0.04603297,0.15334520,0,Green
3246,0.06525813,0.04708335,0.15574290,0,Green
3247,0.06450319,0.04681090,0.15509510,0,Green
3248,0.06406984,0.04667623,0.15477120,0,Green
3249,0.06471758,0.04699297,0.15551020,0,Green
3250,0.06482022,0.04719362,0.15595950,0,Green
3251,0.06402422,0.04688305,0.15522510,0,Green
3252,0.06428879,0.04710918,0.15574060,0,Green
3253,0.06337648,0.04666692,0.15472790,0,Green
3254,0.06352473,0.04686271,0.15516350,0,Green
3255,0.06601185,0.04738974,0.15649890,0,Green
3256,0.06684654,0.04787883,0.15771320,0,Green
3257,0.06596383,0.04759062,0.15695630,0,Green
3258,0.06634345,0.04775396,0.15737250,0,Green
3259,0.06547216,0.04726404,0.15615820,0,Green
3260,0.06503081,0.04737164,0.15637770,0,Green
3261,0.06551562,0.04746151,0.15661550,0,Green
3262,0.06644510,0.04801032,0.15798150,0,Green
3263,0.06700531,0.04805594,0.15815370,0,Green
3264,0.06690083,0.04922408,0.16102760,0,Green
3265,0.06640129,0.04924820,0.16102760,0,Green
3266,0.06590404,0.04922933,0.16091940,0,Green
3267,0.06527326,0.04925334,0.16091940,0,Green
3268,0.06569257,0.04940401,0.16133870,0,Green
3269,0.06665640,0.04939301,0.16143350,0,Green
3270,0.06616409,0.04944365,0.16150510,0,Green
3271,0.06709325,0.04946033,0.16166920,0,Green
3272,0.06477141,0.04926815,0.16091940,0,Green
3273,0.06428337,0.04924054,0.16081350,0,Green
3274,0.06413374,0.04942033,0.16125550,0,Green
3275,0.06344081,0.04925689,0.16081350,0,Green
3276,0.06502692,0.04941921,0.16132250,0,Green
3277,0.06456465,0.04949888,0.16149820,0,Green
3278,0.05697887,0.04906560,0.16070230,0,Green
3279,0.05697887,0.04888327,0.16023660,0,Green
3280,0.05741224,0.04899360,0.16046250,0,Green
3281,0.05766580,0.04884753,0.16005680,0,Green
3282,0.05649082,0.04896070,0.16052800,0,Green
3283,0.05870543,0.04919825,0.16081060,0,Green
3284,0.05890598,0.04903526,0.16038190,0,Green
3285,0.05920335,0.04919121,0.16075530,0,Green
3286,0.05950762,0.04905308,0.16038190,0,Green
3287,0.05815062,0.04891430,0.16016430,0,Green
3288,0.05789509,0.04906223,0.16057410,0,Green
3289,0.06043199,0.04937913,0.16113350,0,Green
3290,0.06043199,0.04919516,0.16066850,0,Green
3291,0.06089471,0.04912843,0.16048890,0,Green
3292,0.06000841,0.04906815,0.16038070,0,Green
3293,0.05969993,0.04922883,0.16081120,0,Green
3294,0.06293896,0.04926192,0.16081350,0,Green
3295,0.06324743,0.04942862,0.16124170,0,Green
3296,0.06243710,0.04926693,0.16081350,0,Green
3297,0.06274558,0.04943364,0.16124170,0,Green
3298,0.06224373,0.04943866,0.16124170,0,Green
3299,0.06089471,0.04931254,0.16095390,0,Green
3300,0.06139656,0.04913327,0.16048890,0,Green
3301,0.06139656,0.04931767,0.16095390,0,Green
3302,0.06189841,0.04913840,0.16048890,0,Green
3303,-0.05849273,0.01749046,0.13729840,0,Green
3304,-0.05818331,0.01724637,0.13760780,0,Green
3305,-0.05787389,0.01700228,0.13791730,0,Green
3306,-0.05867837,0.01717199,0.13763670,0,Green
3307,-0.05868044,0.01683865,0.13801210,0,Green
3308,-0.05770767,0.01775033,0.13708800,0,Green
3309,-0.05732147,0.01756058,0.13734410,0,Green
3310,-0.05749908,0.01724105,0.13768690,0,Green
3311,-0.06215419,0.01584399,0.13881670,0,Green
3312,-0.06184572,0.01559634,0.13912510,0,Green
3313,-0.06213141,0.01531294,0.13942320,0,Green
3314,-0.06158280,0.01588863,0.13881460,0,Green
3315,-0.06108388,0.01592602,0.13881460,0,Green
3316,-0.05957364,0.01682360,0.13794410,0,Green
3317,-0.05926422,0.01657507,0.13825350,0,Green
3318,-0.06007283,0.01678042,0.13794410,0,Green
3319,-0.05976135,0.01650637,0.13828240,0,Green
3320,-0.05975929,0.01617251,0.13865780,0,Green
3321,-0.06026054,0.01646319,0.13828240,0,Green
3322,-0.06025848,0.01612933,0.13865780,0,Green
3323,-0.05934543,0.01712961,0.13762080,0,Green
3324,-0.06560730,0.01413281,0.14054320,0,Green
3325,-0.06345842,0.01539000,0.13923900,0,Green
3326,-0.06315204,0.01514039,0.13954540,0,Green
3327,-0.06364888,0.01507843,0.13958060,0,Green
3328,-0.06342530,0.01479096,0.13992420,0,Green
3329,-0.06388075,0.01463897,0.14006500,0,Green
3330,-0.06266760,0.01581310,0.13881460,0,Green
3331,-0.06299263,0.01555057,0.13908990,0,Green
3332,-0.06262827,0.01533739,0.13935900,0,Green
3333,-0.06086701,0.01633165,0.13837730,0,Green
3334,-0.06136621,0.01629424,0.13837720,0,Green
3335,-0.06475336,0.01493877,0.13967060,0,Green
3336,-0.06444660,0.01468589,0.13997740,0,Green
3337,-0.06461241,0.01436942,0.14032970,0,Green
3338,-0.06494197,0.01462840,0.14001470,0,Green
3339,-0.06534201,0.01481496,0.13977840,0,Green
3340,-0.06510779,0.01431192,0.14036700,0,Green
3341,-0.06550782,0.01449849,0.14013070,0,Green
3342,-0.06417886,0.01525335,0.13934660,0,Green
3343,-0.07065029,0.03110980,0.12154890,0,Green
3344,-0.07019518,0.03099088,0.12172040,0,Green
3345,-0.07032879,0.03065524,0.12206850,0,Green
3346,-0.07032879,0.03031466,0.12243680,0,Green
3347,-0.06604466,0.01450028,0.14010170,0,Green
3348,-0.06610328,0.01417160,0.14047680,0,Green
3349,-0.06659718,0.01410396,0.14053280,0,Green
3350,-0.06709730,0.01408485,0.14053280,0,Green
3351,-0.06627713,0.01386003,0.14083030,0,Green
3352,-0.06683671,0.01381178,0.14086150,0,Green
3353,-0.06698605,0.01349694,0.14122220,0,Green
3354,-0.06733386,0.01376705,0.14089310,0,Green
3355,-0.06773791,0.01397214,0.14064110,0,Green
3356,-0.06863347,0.01366985,0.14096600,0,Green
3357,-0.06813362,0.01368321,0.14096600,0,Green
3358,-0.06769417,0.01353437,0.14115350,0,Green
3359,-0.06826900,0.01336734,0.14133050,0,Green
3360,-0.06784829,0.01319659,0.14154290,0,Green
3361,-0.06935652,0.01347305,0.14118130,0,Green
3362,-0.06978817,0.01328354,0.14139610,0,Green
3363,-0.06906668,0.01321141,0.14149410,0,Green
3364,-0.06948581,0.01302742,0.14170260,0,Green
3365,-0.06829515,0.01304302,0.14171100,0,Green
3366,-0.06877684,0.01294952,0.14180900,0,Green
3367,-0.06946544,0.01270301,0.14208610,0,Green
3368,-0.06998321,0.01298400,0.14174790,0,Green
3369,-0.06996233,0.01266178,0.14212990,0,Green
3370,-0.07047173,0.01291289,0.14182720,0,Green
3371,-0.07034540,0.01245301,0.14237450,0,Green
3372,-0.03837668,0.05776224,0.03827737,1,SecondColor
3373,-0.03798659,0.05765570,0.03857214,1,SecondColor
3374,-0.03883329,0.05799745,0.03827838,0,Green
3375,-0.03944787,0.05831362,0.03827838,0,Green
3376,-0.04131560,0.05930786,0.03849236,0,Green
